# Blender v2.79 (sub 0) OBJ File: 'earth.blend1'
# www.blender.org
mtllib earth.mtl
o Cube.001_Cube.004
v 0.536374 -0.161933 -0.808567
v 0.536374 -0.032754 -0.808567
v 0.606876 -0.161933 -0.916811
v 0.606876 -0.032754 -0.916811
v 0.644618 -0.161933 -0.738065
v 0.644618 -0.032754 -0.738065
v 0.715120 -0.161933 -0.846309
v 0.715120 -0.032754 -0.846309
v 0.616749 -0.032754 -0.931970
v 0.616749 -0.161933 -0.931970
v 0.724993 -0.161933 -0.861468
v 0.724993 -0.032754 -0.861468
v 0.595864 -0.161933 -0.899904
v 0.595864 -0.032754 -0.899904
v 0.704108 -0.161933 -0.829402
v 0.704108 -0.032754 -0.829402
v 0.585061 -0.161933 -0.883319
v 0.693305 -0.032754 -0.812816
v 0.585061 -0.032754 -0.883319
v 0.693305 -0.161933 -0.812816
v 0.574634 -0.161933 -0.867309
v 0.682878 -0.032754 -0.796806
v 0.574634 -0.032754 -0.867309
v 0.682878 -0.161933 -0.796806
v 0.660998 -0.161933 -0.881560
v 0.660998 -0.032754 -0.881560
v 0.590496 -0.161933 -0.773316
v 0.590496 -0.032754 -0.773316
v 0.670871 -0.161933 -0.896719
v 0.670871 -0.032754 -0.896719
v 0.649986 -0.032754 -0.864653
v 0.649986 -0.161933 -0.864653
v 0.639183 -0.032754 -0.848068
v 0.639183 -0.161933 -0.848068
v 0.628756 -0.032754 -0.832058
v 0.628756 -0.161933 -0.832058
v 0.536374 -0.097343 -0.808567
v 0.606876 -0.097343 -0.916811
v 0.715120 -0.097343 -0.846309
v 0.644618 -0.097343 -0.738065
v 0.616749 -0.097343 -0.931970
v 0.724993 -0.097343 -0.861468
v 0.704108 -0.097343 -0.829402
v 0.595864 -0.097343 -0.899904
v 0.585061 -0.097343 -0.883319
v 0.693305 -0.097343 -0.812816
v 0.574634 -0.097343 -0.867309
v 0.682878 -0.097343 -0.796806
v 0.590496 -0.097343 -0.773316
v 0.735879 -0.097343 -0.996527
v 0.708339 -0.064477 -1.014464
v 0.763419 -0.064477 -0.978589
v 0.735879 -0.064477 -0.996527
v 0.708339 -0.097343 -1.014464
v 0.763419 -0.130210 -0.978589
v 0.763419 -0.097343 -0.978589
v 0.708339 -0.130210 -1.014464
v 0.697448 -0.130210 -0.997743
v 0.752528 -0.130210 -0.961868
v 0.724988 -0.130210 -0.979806
v 0.697448 -0.064477 -0.997743
v 0.752528 -0.064477 -0.961868
v 0.724988 -0.064477 -0.979806
v 0.697448 -0.097343 -0.997743
v 0.752528 -0.097343 -0.961868
v 0.735879 -0.130210 -0.996527
v 0.685686 -0.064477 -0.979685
v 0.740766 -0.130210 -0.943810
v 0.740766 -0.097343 -0.943810
v 0.740766 -0.064477 -0.943810
v 0.713226 -0.064477 -0.961747
v 0.713226 -0.130210 -0.961747
v 0.685686 -0.130210 -0.979685
v 0.675111 -0.142830 -0.986572
v 0.751341 -0.142830 -0.936922
v 0.713226 -0.142830 -0.961747
v 0.675111 -0.051857 -0.986572
v 0.751341 -0.051857 -0.936922
v 0.713226 -0.051857 -0.961747
v 0.675111 -0.097343 -0.986572
v 0.751341 -0.097343 -0.936922
v 0.685686 -0.097343 -0.979685
v 0.656577 -0.051857 -0.958116
v 0.732807 -0.142830 -0.908466
v 0.732807 -0.097343 -0.908466
v 0.732807 -0.051857 -0.908466
v 0.694692 -0.051857 -0.933291
v 0.694692 -0.142830 -0.933291
v 0.656577 -0.142830 -0.958116
v 0.649299 -0.151515 -0.962856
v 0.740084 -0.151515 -0.903726
v 0.694692 -0.151515 -0.933291
v 0.649299 -0.043172 -0.962856
v 0.740084 -0.043172 -0.903726
v 0.694692 -0.043172 -0.933291
v 0.649299 -0.097343 -0.962856
v 0.740084 -0.097343 -0.903726
v 0.656577 -0.097343 -0.958116
v 0.625479 -0.043172 -0.926284
v 0.716264 -0.151515 -0.867154
v 0.716264 -0.097343 -0.867154
v 0.716264 -0.043172 -0.867154
v 0.670871 -0.043172 -0.896719
v 0.670871 -0.151515 -0.896719
v 0.625479 -0.151515 -0.926284
v 0.625479 -0.097343 -0.926284
vt 0.343219 0.552638
vt 0.343219 0.510741
vt 0.343062 0.546547
vt 0.343062 0.509480
vt 0.364260 0.552129
vt 0.364260 0.510635
vt 0.361659 0.546194
vt 0.361659 0.509407
vt 0.343043 0.509326
vt 0.343043 0.545804
vt 0.361342 0.545468
vt 0.361342 0.509257
vt 0.343084 0.547404
vt 0.343084 0.509657
vt 0.362025 0.547032
vt 0.362025 0.509580
vt 0.343106 0.548276
vt 0.362397 0.509756
vt 0.343106 0.509837
vt 0.362397 0.547883
vt 0.343129 0.549149
vt 0.362770 0.509932
vt 0.343129 0.510018
vt 0.362770 0.548734
vt 0.352397 0.546448
vt 0.352397 0.509459
vt 0.353792 0.552495
vt 0.353792 0.510711
vt 0.352227 0.545710
vt 0.352227 0.509307
vt 0.352592 0.509635
vt 0.352592 0.547300
vt 0.352792 0.509814
vt 0.352792 0.548166
vt 0.352992 0.509994
vt 0.352992 0.549033
vt 0.343219 0.531827
vt 0.343062 0.528109
vt 0.361659 0.527894
vt 0.364260 0.531516
vt 0.343043 0.527656
vt 0.361342 0.527451
vt 0.362025 0.528404
vt 0.343084 0.528631
vt 0.343106 0.529163
vt 0.362397 0.528923
vt 0.343129 0.529696
vt 0.362770 0.529443
vt 0.353792 0.531740
vt 0.351233 0.524961
vt 0.347012 0.516573
vt 0.355441 0.516521
vt 0.351233 0.516553
vt 0.347012 0.524991
vt 0.355441 0.533273
vt 0.355441 0.524914
vt 0.347012 0.533376
vt 0.347096 0.533918
vt 0.355662 0.533810
vt 0.351386 0.533876
vt 0.347096 0.516844
vt 0.355662 0.516790
vt 0.351386 0.516823
vt 0.347096 0.525399
vt 0.355662 0.525318
vt 0.351233 0.533336
vt 0.347190 0.517146
vt 0.355909 0.534410
vt 0.355909 0.525769
vt 0.355909 0.517090
vt 0.351557 0.517124
vt 0.351557 0.534480
vt 0.347190 0.534524
vt 0.345511 0.537852
vt 0.357575 0.537679
vt 0.351557 0.537792
vt 0.345511 0.513799
vt 0.357575 0.513736
vt 0.351557 0.513777
vt 0.345511 0.525862
vt 0.357575 0.525744
vt 0.347190 0.525855
vt 0.345617 0.514202
vt 0.358031 0.538759
vt 0.358031 0.526486
vt 0.358031 0.514133
vt 0.351839 0.514178
vt 0.351839 0.538882
vt 0.345617 0.538947
vt 0.344427 0.541296
vt 0.359208 0.541059
vt 0.351839 0.541221
vt 0.344427 0.511828
vt 0.359208 0.511759
vt 0.351839 0.511806
vt 0.344427 0.526619
vt 0.359208 0.526465
vt 0.345617 0.526615
vt 0.344526 0.512289
vt 0.359879 0.542624
vt 0.359879 0.527481
vt 0.359879 0.512212
vt 0.352227 0.512265
vt 0.352227 0.542805
vt 0.344526 0.542889
vt 0.344526 0.527653
vt 0.343520 0.314476
vt 0.343805 0.313707
vt 0.353696 0.312236
vt 0.353850 0.311508
vt 0.337940 0.265474
vt 0.338347 0.265412
vt 0.349493 0.262618
vt 0.349732 0.262623
vt 0.328883 0.314827
vt 0.329355 0.314024
vt 0.337797 0.317285
vt 0.339367 0.314685
vt 0.327360 0.267558
vt 0.329148 0.265153
vt 0.338810 0.267787
vt 0.339201 0.267694
vt 0.353016 0.310012
vt 0.347723 0.309643
vt 0.363358 0.311926
vt 0.363384 0.311206
vt 0.355967 0.260125
vt 0.349822 0.261130
vt 0.367803 0.262267
vt 0.367765 0.262288
vt 0.384687 0.310619
vt 0.384430 0.309907
vt 0.394612 0.305527
vt 0.394222 0.304873
vt 0.374283 0.263406
vt 0.374147 0.263406
vt 0.385539 0.257774
vt 0.385229 0.257843
vt 0.368137 0.310826
vt 0.368099 0.310122
vt 0.378475 0.308412
vt 0.378298 0.307737
vt 0.362691 0.261386
vt 0.362731 0.261420
vt 0.374512 0.258670
vt 0.374371 0.258741
vt 0.394193 0.310154
vt 0.393813 0.309435
vt 0.404363 0.309153
vt 0.403854 0.308428
vt 0.392251 0.260572
vt 0.391844 0.260584
vt 0.403933 0.259880
vt 0.403357 0.259867
vt 0.334183 0.301622
vt 0.334387 0.301328
vt 0.337510 0.308909
vt 0.337689 0.308567
vt 0.400780 0.292083
vt 0.400542 0.291851
vt 0.402779 0.300446
vt 0.402534 0.300153
vt 0.329860 0.276826
vt 0.330108 0.276703
vt 0.333348 0.284098
vt 0.333568 0.283927
vt 0.397319 0.265978
vt 0.397087 0.265938
vt 0.399421 0.274451
vt 0.399180 0.274347
vt 0.125944 0.385590
vt 0.137872 0.401210
vt 0.128254 0.360869
vt 0.121181 0.380498
vt 0.127323 0.406428
vt 0.149318 0.387474
vt 0.133037 0.363783
vt 0.131755 0.394519
vt 0.142175 0.407965
vt 0.146711 0.381952
vt 0.141670 0.367614
vt 0.129196 0.377854
vt 0.140480 0.392700
vt 0.131613 0.354405
vt 0.151445 0.379637
vt 0.153471 0.354058
vt 0.160471 0.306074
vt 0.150421 0.307032
vt 0.136540 0.304174
vt 0.133104 0.307146
vt 0.156220 0.334929
vt 0.158152 0.330427
vt 0.138951 0.305400
vt 0.154095 0.324211
vt 0.154641 0.355226
vt 0.152596 0.361475
vt 0.150197 0.353352
vt 0.130546 0.334162
vt 0.133950 0.329387
vt 0.156806 0.330095
vt 0.135819 0.334762
vt 0.305193 0.565822
vt 0.309007 0.587527
vt 0.313424 0.544358
vt 0.316930 0.557126
vt 0.314251 0.585708
vt 0.320240 0.586836
vt 0.328298 0.558565
vt 0.329865 0.583498
vt 0.324428 0.600816
vt 0.331241 0.579608
vt 0.301516 0.559031
vt 0.297741 0.560836
vt 0.301576 0.581836
vt 0.305804 0.540617
vt 0.311031 0.574498
vt 0.310262 0.553241
vt 0.320033 0.525013
vt 0.331578 0.522926
vt 0.316730 0.509491
vt 0.324656 0.511613
vt 0.328982 0.548265
vt 0.321286 0.544851
vt 0.337459 0.516579
vt 0.340054 0.539387
vt 0.315055 0.554695
vt 0.324007 0.566228
vt 0.334649 0.558363
vt 0.317753 0.523174
vt 0.310241 0.520549
vt 0.314119 0.534770
vt 0.331946 0.537079
vt 0.544172 0.427457
vt 0.540057 0.418832
vt 0.554351 0.409351
vt 0.540777 0.406689
vt 0.531921 0.413154
vt 0.545804 0.394488
vt 0.547377 0.379814
vt 0.533142 0.382639
vt 0.533340 0.391746
vt 0.542869 0.374732
vt 0.560249 0.429482
vt 0.551929 0.439907
vt 0.547471 0.430578
vt 0.562000 0.423023
vt 0.554222 0.410297
vt 0.567372 0.409625
vt 0.581125 0.387191
vt 0.570234 0.364972
vt 0.576944 0.398153
vt 0.569402 0.382223
vt 0.559727 0.373308
vt 0.566891 0.387302
vt 0.563919 0.354338
vt 0.557561 0.350479
vt 0.565060 0.400201
vt 0.556556 0.383787
vt 0.554331 0.363021
vt 0.567102 0.397540
vt 0.574342 0.412190
vt 0.578584 0.399997
vt 0.559874 0.367520
vt 0.765101 0.249662
vt 0.750443 0.248501
vt 0.783127 0.240097
vt 0.773111 0.221755
vt 0.750507 0.227224
vt 0.758600 0.238793
vt 0.781543 0.214580
vt 0.760686 0.204889
vt 0.747009 0.222341
vt 0.765101 0.214056
vt 0.771133 0.275911
vt 0.768157 0.271821
vt 0.754522 0.269053
vt 0.784601 0.261911
vt 0.761899 0.258337
vt 0.777385 0.266734
vt 0.804546 0.265380
vt 0.809585 0.234968
vt 0.814723 0.262370
vt 0.816010 0.242321
vt 0.790889 0.236205
vt 0.791585 0.254990
vt 0.816486 0.218630
vt 0.799993 0.214613
vt 0.777130 0.255919
vt 0.775182 0.236641
vt 0.783161 0.213412
vt 0.800322 0.240408
vt 0.800295 0.261439
vt 0.791405 0.265457
vt 0.799858 0.215749
vt 0.619426 0.449061
vt 0.454610 0.728090
vt 0.048997 0.906337
vt 0.068879 0.554713
vt 0.193008 0.289183
vt 0.387976 0.398092
vt 0.642768 0.437773
vt 0.885123 0.600444
vt 0.954610 0.271910
vt 0.548997 0.088422
vt 0.780204 0.647675
vt 0.750000 0.375078
vt 0.106955 0.893085
vt 0.152996 0.866677
vt 0.185323 0.830493
vt 0.207562 0.788533
vt 0.223233 0.744440
vt 0.805490 0.632362
vt 0.829021 0.614609
vt 0.761075 0.614275
vt 0.786030 0.600690
vt 0.810220 0.584836
vt 0.832559 0.568053
vt 0.743464 0.579389
vt 0.767369 0.566771
vt 0.429345 0.731117
vt 0.449491 0.765431
vt 0.441877 0.807138
vt 0.429438 0.852010
vt 0.405953 0.897477
vt 0.350697 0.937938
vt 0.215254 0.956303
vt 0.095382 0.937353
vt 0.394625 0.433910
vt 0.401738 0.474290
vt 0.409332 0.518354
vt 0.417420 0.564443
vt 0.426006 0.610359
vt 0.435083 0.653910
vt 0.444630 0.693442
vt 0.791453 0.552367
vt 0.814550 0.537249
vt 0.750009 0.532851
vt 0.773307 0.519204
vt 0.796481 0.505243
vt 0.355881 0.449588
vt 0.372545 0.421962
vt 0.087125 0.567546
vt 0.108001 0.580915
vt 0.131251 0.593928
vt 0.156172 0.605478
vt 0.181654 0.614575
vt 0.206429 0.620711
vt 0.229428 0.623983
vt 0.055489 0.868548
vt 0.059556 0.825950
vt 0.859143 0.318140
vt 0.832214 0.333169
vt 0.807477 0.351262
vt 0.067106 0.635450
vt 0.068078 0.592728
vt 0.201072 0.324853
vt 0.209908 0.368169
vt 0.217262 0.411668
vt 0.224374 0.457335
vt 0.231220 0.503051
vt 0.237495 0.547768
vt 0.243899 0.588659
vt 0.078127 0.524020
vt 0.090841 0.491152
vt 0.104777 0.455288
vt 0.123695 0.415977
vt 0.785755 0.370613
vt 0.894791 0.189404
vt 0.868793 0.150159
vt 0.217150 0.288817
vt 0.244066 0.292624
vt 0.329976 0.335906
vt 0.353153 0.357165
vt 0.373040 0.378797
vt 0.558318 0.477043
vt 0.546619 0.512844
vt 0.533737 0.551778
vt 0.519677 0.592166
vt 0.504517 0.631821
vt 0.488430 0.668597
vt 0.471679 0.700931
vt 0.408023 0.397490
vt 0.430543 0.398621
vt 0.826288 0.115825
vt 0.878270 0.232058
vt 0.854180 0.196279
vt 0.819651 0.163834
vt 0.772460 0.140445
vt 0.699799 0.747474
vt 0.709548 0.788227
vt 0.724563 0.831707
vt 0.815713 0.213163
vt 0.779000 0.189083
vt 0.887036 0.934400
vt 0.988180 0.928839
vt 0.477901 0.744568
vt 0.506636 0.758596
vt 0.540438 0.767466
vt 0.577118 0.768751
vt 0.613068 0.761723
vt 0.736285 0.174849
vt 0.844526 0.243128
vt 0.904879 0.601259
vt 0.930543 0.601379
vt 0.954975 0.598000
vt 0.980323 0.592166
vt 0.783113 0.237796
vt 0.028893 0.574674
vt 0.050181 0.564608
vt 0.000053 0.884682
vt 0.964653 0.852498
vt 0.748735 0.220895
vt 0.813101 0.261205
vt 0.757305 0.266378
vt 0.900984 0.679248
vt 0.893729 0.638424
vt 0.977901 0.255432
vt 0.006636 0.241404
vt 0.038492 0.240196
vt 0.073481 0.238324
vt 0.113068 0.238277
vt 0.145065 0.252098
vt 0.171667 0.269942
vt 0.056430 0.522248
vt 0.045102 0.487562
vt 0.785928 0.284099
vt 0.763522 0.309005
vt 0.589963 0.252303
vt 0.988430 0.331403
vt 0.971679 0.299069
vt 0.500053 0.109685
vt 0.464653 0.140968
vt 0.440123 0.187184
vt 0.422882 0.231249
vt 0.410370 0.276664
vt 0.402813 0.323074
vt 0.395544 0.363347
vt 0.199799 0.252526
vt 0.209548 0.211773
vt 0.224563 0.168293
vt 0.250000 0.124922
vt 0.588366 0.300681
vt 0.587065 0.347733
vt 0.585981 0.391445
vt 0.580692 0.475262
vt 0.593773 0.509100
vt 0.608130 0.545903
vt 0.623695 0.584023
vt 0.640292 0.621326
vt 0.657638 0.655738
vt 0.616341 0.281005
vt 0.717150 0.711183
vt 0.744066 0.707376
vt 0.772529 0.698366
vt 0.800813 0.684014
vt 0.827253 0.665355
vt 0.850761 0.644233
vt 0.870957 0.622593
vt 0.891759 0.565178
vt 0.898826 0.525373
vt 0.909332 0.481646
vt 0.917420 0.435557
vt 0.926006 0.389641
vt 0.935083 0.346090
vt 0.944630 0.306558
vt 0.949491 0.234569
vt 0.941877 0.192862
vt 0.929438 0.147990
vt 0.905953 0.102523
vt 0.850697 0.059329
vt 0.715254 0.041767
vt 0.595147 0.059493
vt 0.555489 0.131452
vt 0.559556 0.174050
vt 0.562339 0.220544
vt 0.564362 0.269259
vt 0.611670 0.329682
vt 0.607894 0.375872
vt 0.639345 0.314496
vt 0.743899 0.411341
vt 0.737495 0.452232
vt 0.730788 0.496880
vt 0.723781 0.543631
vt 0.716483 0.590296
vt 0.708906 0.634685
vt 0.701072 0.675147
vt 0.632444 0.361536
vt 0.658699 0.349891
vt 0.695580 0.252432
vt 0.656172 0.394522
vt 0.682589 0.386775
vt 0.707041 0.380790
vt 0.729428 0.376017
vt 0.765828 0.400220
vt 0.782748 0.426498
vt 0.800440 0.456040
vt 0.819979 0.487321
vt 0.838235 0.519713
vt 0.855881 0.550412
vt 0.869999 0.576790
vt 0.767173 0.353385
vt 0.710927 0.293547
vt 0.722763 0.332788
vt 0.712743 0.212344
vt 0.867249 0.280832
vt 0.896973 0.273077
vt 0.929345 0.268883
vt 0.743294 0.338996
vt 0.726908 0.254416
vt 0.737420 0.295455
vt 0.707562 0.211467
vt 0.685323 0.169507
vt 0.652996 0.133323
vt 0.606955 0.106915
vt 0.719551 0.338503
vt 0.693154 0.341494
vt 0.706869 0.297336
vt 0.665263 0.348737
vt 0.676410 0.301110
vt 0.690243 0.254403
vt 0.745458 0.333588
vt 0.645285 0.310905
vt 0.655186 0.260760
vt 0.668089 0.212723
vt 0.866302 0.274814
vt 0.837715 0.288026
vt 0.621263 0.274894
vt 0.628535 0.223967
vt 0.638533 0.176055
vt 0.811239 0.305772
vt 0.787969 0.326211
vt 0.768220 0.347387
vt 0.593271 0.243958
vt 0.596194 0.194273
vt 0.600399 0.148123
vt 0.835751 0.522546
vt 0.818504 0.491931
vt 0.650404 0.393774
vt 0.626770 0.405203
vt 0.604780 0.417809
vt 0.585062 0.430590
vt 0.731855 0.171108
vt 0.566086 0.366643
vt 0.564878 0.322717
vt 0.563334 0.276649
vt 0.709012 0.125605
vt 0.770609 0.134060
vt 0.929978 0.393320
vt 0.921700 0.436744
vt 0.883656 0.232668
vt 0.668520 0.087305
vt 0.755808 0.085723
vt 0.830902 0.108329
vt 0.876127 0.145843
vt 0.902285 0.188342
vt 0.918508 0.230275
vt 0.784712 0.380465
vt 0.808302 0.357461
vt 0.803498 0.408770
vt 0.834259 0.338522
vt 0.827154 0.391005
vt 0.822593 0.440516
vt 0.859821 0.325944
vt 0.853090 0.374791
vt 0.846980 0.425040
vt 0.841425 0.473989
vt 0.888196 0.315094
vt 0.880102 0.361679
vt 0.872646 0.410926
vt 0.865782 0.460246
vt 0.861760 0.507189
vt 0.915577 0.309341
vt 0.906659 0.352573
vt 0.901338 0.397993
vt 0.893277 0.446642
vt 0.885815 0.494201
vt 0.876326 0.537861
vt 0.760073 0.439291
vt 0.777376 0.469016
vt 0.754050 0.482582
vt 0.796648 0.501419
vt 0.772094 0.516210
vt 0.747426 0.530614
vt 0.714076 0.713939
vt 0.657597 0.661076
vt 0.604970 0.537975
vt 0.740424 0.579819
vt 0.834907 0.567910
vt 0.591397 0.503026
vt 0.579014 0.471034
vt 0.759007 0.616921
vt 0.733042 0.627643
vt 0.853441 0.597334
vt 0.831261 0.617249
vt 0.806262 0.636220
vt 0.779299 0.652435
vt 0.751777 0.664478
vt 0.725280 0.671883
vt 0.722823 0.416466
vt 0.715646 0.460006
vt 0.699395 0.422567
vt 0.707656 0.506987
vt 0.691543 0.468760
vt 0.674478 0.430931
vt 0.699879 0.555688
vt 0.682662 0.517720
vt 0.665214 0.478519
vt 0.647947 0.440595
vt 0.691880 0.603043
vt 0.674407 0.567023
vt 0.656897 0.528286
vt 0.639765 0.489216
vt 0.387535 0.066480
vt 0.683692 0.646858
vt 0.666050 0.613662
vt 0.648575 0.576671
vt 0.631668 0.537866
vt 0.302926 0.085978
vt 0.254906 0.120814
vt 0.462381 0.143313
vt 0.495938 0.112460
vt 0.988747 0.338776
vt 0.003819 0.373536
vt 0.018112 0.410916
vt 0.031416 0.448971
vt 0.469662 0.363363
vt 0.487444 0.322976
vt 0.508807 0.283675
vt 0.533932 0.248664
vt 0.442265 0.359479
vt 0.456864 0.317252
vt 0.475185 0.274356
vt 0.498145 0.234078
vt 0.526383 0.199800
vt 0.416623 0.359157
vt 0.427474 0.316848
vt 0.441439 0.272274
vt 0.459741 0.228173
vt 0.483985 0.187908
vt 0.515795 0.154804
vt 0.500212 0.029952
vt 0.270894 0.039525
vt 0.220096 0.082655
vt 0.105829 0.052799
vt 0.970746 0.062714
vt 0.188964 0.133631
vt 0.129306 0.106887
vt 0.047056 0.100364
vt 0.974814 0.117784
vt 0.180094 0.182747
vt 0.137917 0.158378
vt 0.082872 0.145643
vt 0.024695 0.149522
vt 0.976457 0.167586
vt 0.174984 0.228689
vt 0.142359 0.207460
vt 0.101732 0.193086
vt 0.056552 0.189492
vt 0.013392 0.197450
vt 0.977345 0.213923
vt 0.961411 0.336834
vt 0.043616 0.485712
vt 0.951461 0.379570
vt 0.145558 0.257434
vt 0.900445 0.687349
vt 0.909400 0.729107
vt 0.921206 0.772090
vt 0.937225 0.813883
vt 0.959573 0.851811
vt 0.932733 0.473732
vt 0.026817 0.568441
vt 0.004633 0.577326
vt 0.981092 0.584911
vt 0.948523 0.514137
vt 0.924030 0.520419
vt 0.037876 0.530962
vt 0.645733 0.748029
vt 0.615647 0.761366
vt 0.964492 0.554401
vt 0.939330 0.559952
vt 0.912651 0.563070
vt 0.875096 0.663436
vt 0.880499 0.708904
vt 0.852329 0.688931
vt 0.581813 0.768775
vt 0.854445 0.738136
vt 0.825152 0.712579
vt 0.886924 0.928150
vt 0.807037 0.909105
vt 0.822245 0.763493
vt 0.794173 0.731601
vt 0.759540 0.875005
vt 0.732875 0.835022
vt 0.706147 0.786534
vt 0.784953 0.781264
vt 0.761232 0.743826
vt 0.940530 0.895968
vt 0.697365 0.747914
vt 0.531628 0.425808
vt 0.771407 0.830157
vt 0.745935 0.789293
vt 0.728989 0.748725
vt 0.511638 0.409228
vt 0.624100 0.715815
vt 0.633001 0.668180
vt 0.592267 0.725044
vt 0.604740 0.677868
vt 0.615069 0.629964
vt 0.558561 0.727726
vt 0.574090 0.683035
vt 0.587307 0.635946
vt 0.598546 0.589398
vt 0.525836 0.723526
vt 0.543136 0.682748
vt 0.558456 0.638243
vt 0.571882 0.592750
vt 0.583585 0.549026
vt 0.496503 0.713847
vt 0.514084 0.677440
vt 0.530337 0.636638
vt 0.545111 0.593637
vt 0.558378 0.551033
vt 0.570201 0.511094
vt 0.473892 0.399305
vt 0.414170 0.145901
vt 0.460173 0.401106
vt 0.398268 0.193086
vt 0.362083 0.158378
vt 0.311036 0.133631
vt 0.387824 0.242470
vt 0.357457 0.210079
vt 0.317962 0.184299
vt 0.271407 0.169843
vt 0.382785 0.293495
vt 0.354445 0.261864
vt 0.284953 0.218736
vt 0.245935 0.210707
vt 0.377255 0.338432
vt 0.354901 0.312882
vt 0.228989 0.251276
vt 0.996503 0.286153
vt 0.024737 0.283218
vt 0.014084 0.322560
vt 0.056081 0.278775
vt 0.041472 0.322783
vt 0.029248 0.367667
vt 0.088502 0.280769
vt 0.071291 0.322127
vt 0.056383 0.365908
vt 0.043579 0.409295
vt 0.124100 0.284184
vt 0.104740 0.322132
vt 0.084296 0.367810
vt 0.069488 0.409983
vt 0.056470 0.450538
vt 0.436903 0.397386
vt 0.546810 0.506560
vt 0.557864 0.472741
vt 0.098546 0.410601
vt 0.080913 0.452379
vt 0.067954 0.489239
vt 0.916623 0.640843
vt 0.942265 0.640521
vt 0.927474 0.683152
vt 0.969662 0.636638
vt 0.956864 0.682748
vt 0.157315 0.344369
vt 0.997303 0.629008
vt 0.987444 0.677024
vt 0.975185 0.725644
vt 0.140938 0.376794
vt 0.023597 0.618300
vt 0.017057 0.666188
vt 0.008807 0.716326
vt 0.998145 0.765923
vt 0.983985 0.812092
vt 0.047369 0.605769
vt 0.043912 0.651679
vt 0.039561 0.700952
vt 0.033931 0.751337
vt 0.026383 0.800201
vt 0.015795 0.845197
vt 0.125191 0.411925
vt 0.680094 0.817253
vt 0.205782 0.363815
vt 0.688964 0.866369
vt 0.637917 0.841622
vt 0.198188 0.325706
vt 0.707922 0.915943
vt 0.629306 0.893112
vt 0.582872 0.854357
vt 0.556552 0.810508
vt 0.770239 0.960496
vt 0.605828 0.943809
vt 0.547055 0.899636
vt 0.524695 0.850477
vt 0.513392 0.802550
vt 0.000215 0.970210
vt 0.444118 0.982765
vt 0.470746 0.933265
vt 0.474813 0.882216
vt 0.476457 0.832414
vt 0.477345 0.786077
vt 0.068520 0.641486
vt 0.524424 0.506802
vt 0.067485 0.685478
vt 0.509876 0.547336
vt 0.066218 0.731469
vt 0.064622 0.777440
vt 0.494364 0.588485
vt 0.484256 0.541379
vt 0.062535 0.821368
vt 0.354125 0.460631
vt 0.478108 0.627784
vt 0.467969 0.582344
vt 0.458086 0.534167
vt 0.448523 0.485863
vt 0.439330 0.440048
vt 0.461411 0.663166
vt 0.451461 0.620430
vt 0.441887 0.574067
vt 0.432733 0.526268
vt 0.424030 0.479581
vt 0.415792 0.436202
vt 0.355669 0.403647
vt 0.337262 0.432673
vt 0.333761 0.383705
vt 0.315798 0.464664
vt 0.313817 0.414732
vt 0.309026 0.364568
vt 0.296648 0.498581
vt 0.291318 0.448606
vt 0.285549 0.397345
vt 0.277997 0.531674
vt 0.272094 0.483790
vt 0.265772 0.433379
vt 0.258790 0.385651
vt 0.251731 0.339071
vt 0.260306 0.562074
vt 0.254050 0.517417
vt 0.247484 0.470073
vt 0.240646 0.421955
vt 0.233454 0.375142
vt 0.225924 0.331769
vt 0.337392 0.489863
vt 0.191880 0.396958
vt 0.320073 0.520585
vt 0.201006 0.445500
vt 0.174406 0.432977
vt 0.148574 0.423330
vt 0.208599 0.493165
vt 0.184138 0.482645
vt 0.156896 0.471714
vt 0.127739 0.462998
vt 0.215970 0.539626
vt 0.192085 0.530965
vt 0.167042 0.521062
vt 0.135679 0.510551
vt 0.112145 0.500360
vt 0.222448 0.584623
vt 0.199878 0.576745
vt 0.175181 0.568493
vt 0.147947 0.559405
vt 0.119630 0.546624
vt 0.097630 0.534977
vt 0.088178 0.609012
vt 0.111453 0.625214
vt 0.089478 0.655299
vt 0.137502 0.639824
vt 0.115757 0.673930
vt 0.302619 0.551095
vt 0.165263 0.651263
vt 0.145284 0.689095
vt 0.285505 0.579726
vt 0.269147 0.605276
vt 0.193154 0.658507
vt 0.176409 0.698890
vt 0.422543 0.728926
vt 0.395680 0.726603
vt 0.096193 0.805727
vt 0.219551 0.661497
vt 0.206869 0.702665
vt 0.190242 0.745597
vt 0.168088 0.787278
vt 0.138533 0.823945
vt 0.100399 0.851877
vt 0.378917 0.461544
vt 0.385815 0.505799
vt 0.367252 0.719064
vt 0.393277 0.553358
vt 0.339082 0.706078
vt 0.312914 0.688592
vt 0.401338 0.602007
vt 0.289850 0.668404
vt 0.270229 0.647440
vt 0.239911 0.699829
vt 0.410027 0.649183
vt 0.229766 0.741239
vt 0.698959 0.679656
vt 0.567050 0.406919
vt 0.583763 0.060700
vt 0.419362 0.692675
vt 0.674440 0.689486
vt 0.542238 0.091081
vt 0.482378 0.071010
vt 0.170351 0.274218
vt 0.691139 0.713246
vt 0.168520 0.912695
vt 0.209012 0.874396
vt 0.255809 0.914277
vt 0.231855 0.828892
vt 0.270609 0.865941
vt 0.330903 0.891671
vt 0.245974 0.780413
vt 0.278134 0.814493
vt 0.322285 0.841050
vt 0.376127 0.854157
vt 0.670855 0.731223
vt 0.567834 0.442765
vt 0.550175 0.433456
vt 0.190405 0.292143
vt 0.402285 0.811658
vt 0.173940 0.315964
vt 0.247903 0.592916
vt 0.234284 0.626684
vt 0.253853 0.627191
vt 0.247706 0.661489
vt 0.418509 0.769725
vt 0.229428 0.623983
vt 0.243899 0.588659
vt 0.193008 0.289183
vt 0.171667 0.269942
vt 0.548997 0.091713
vt 0.595382 0.062647
vt 0.701072 0.675147
vt 0.223233 0.744440
vt 0.429345 0.731117
vt 0.355881 0.449588
vt 0.059556 0.825950
vt 0.067106 0.635450
vt 0.201072 0.324853
vt 0.208906 0.365315
vt 0.123695 0.415977
vt 0.558318 0.477043
vt 0.546619 0.512844
vt 0.430543 0.398621
vt 0.699799 0.747474
vt 0.709548 0.788227
vt 0.724563 0.831707
vt 0.887036 0.934400
vt 0.577118 0.768751
vt 0.613068 0.761723
vt 0.980323 0.592166
vt 0.028893 0.574674
vt 0.964653 0.852498
vt 0.900984 0.679248
vt 0.145065 0.252098
vt 0.046619 0.487156
vt 0.988430 0.331403
vt 0.496392 0.107893
vt 0.461833 0.141358
vt 0.252520 0.118161
vt 0.580692 0.475262
vt 0.593773 0.509100
vt 0.608130 0.545903
vt 0.657638 0.655738
vt 0.717150 0.711183
vt 0.917420 0.435557
vt 0.926006 0.389641
vt 0.564362 0.269259
vt 0.656172 0.394522
vt 0.819979 0.487321
vt 0.838235 0.519713
vt 0.767173 0.353385
vt 0.870416 0.277467
vt 0.743294 0.338996
vt 0.707562 0.211467
vt 0.719551 0.338503
vt 0.706869 0.297336
vt 0.690243 0.254403
vt 0.665263 0.348737
vt 0.645285 0.310905
vt 0.621263 0.274894
vt 0.593271 0.243958
vt 0.731855 0.171108
vt 0.770609 0.134060
vt 0.883656 0.232668
vt 0.830902 0.108329
vt 0.876127 0.145843
vt 0.902285 0.188342
vt 0.785554 0.377883
vt 0.808302 0.357461
vt 0.834259 0.338522
vt 0.862525 0.323071
vt 0.796648 0.501419
vt 0.772094 0.516210
vt 0.747426 0.530614
vt 0.740424 0.579819
vt 0.834907 0.567910
vt 0.759007 0.616921
vt 0.831261 0.617249
vt 0.806262 0.636220
vt 0.779299 0.652435
vt 0.647947 0.440595
vt 0.639765 0.489216
vt 0.683692 0.646858
vt 0.631668 0.537866
vt 0.469662 0.363363
vt 0.487444 0.322976
vt 0.508807 0.283675
vt 0.533932 0.248664
vt 0.442265 0.359479
vt 0.500213 0.029790
vt 0.270240 0.039504
vt 0.219783 0.079398
vt 0.961411 0.336834
vt 0.951461 0.379570
vt 0.932733 0.473732
vt 0.948523 0.514137
vt 0.037876 0.530962
vt 0.964492 0.554401
vt 0.880499 0.708904
vt 0.854445 0.738136
vt 0.822245 0.763493
vt 0.784953 0.781264
vt 0.940530 0.895968
vt 0.771407 0.830157
vt 0.624100 0.715815
vt 0.633001 0.668180
vt 0.414170 0.138141
vt 0.313217 0.132134
vt 0.362083 0.150000
vt 0.014084 0.322560
vt 0.030338 0.363362
vt 0.045111 0.406363
vt 0.058379 0.448968
vt 0.124100 0.284184
vt 0.104740 0.322132
vt 0.087307 0.364054
vt 0.098546 0.410601
vt 0.927474 0.683152
vt 0.956864 0.682748
vt 0.997303 0.629008
vt 0.975185 0.725644
vt 0.983985 0.812092
vt 0.023597 0.618300
vt 0.998145 0.765923
vt 0.043912 0.651679
vt 0.039561 0.700952
vt 0.033931 0.751337
vt 0.026383 0.800201
vt 0.680094 0.817253
vt 0.688964 0.866369
vt 0.637917 0.841622
vt 0.707922 0.915943
vt 0.582872 0.854357
vt 0.556552 0.810508
vt 0.770239 0.960496
vt 0.524424 0.506802
vt 0.509876 0.547336
vt 0.484256 0.541379
vt 0.439330 0.440048
vt 0.458086 0.534167
vt 0.448523 0.485863
vt 0.424030 0.479581
vt 0.334907 0.432090
vt 0.315798 0.464664
vt 0.296648 0.498581
vt 0.277997 0.531674
vt 0.260306 0.562074
vt 0.191880 0.396958
vt 0.148574 0.423330
vt 0.174406 0.432977
vt 0.089478 0.655299
vt 0.115757 0.673930
vt 0.145284 0.689095
vt 0.096193 0.805727
vt 0.176409 0.698890
vt 0.219551 0.661497
vt 0.206869 0.702665
vt 0.190242 0.745597
vt 0.168088 0.787278
vt 0.138533 0.823945
vt 0.378917 0.461544
vt 0.385815 0.505799
vt 0.393277 0.553358
vt 0.401338 0.602007
vt 0.410027 0.649183
vt 0.419362 0.692675
vt 0.245974 0.780413
vt 0.278134 0.814493
vt 0.322285 0.841050
vt 0.376127 0.854157
vt 0.402285 0.811658
vt 0.418509 0.769725
vt 0.635054 0.484107
vt 0.598010 0.460386
vt 0.682458 0.652768
vt 0.627321 0.530437
vt 0.612142 0.494046
vt 0.547526 0.394659
vt 0.544290 0.351372
vt 0.528568 0.378436
vt 0.540267 0.304845
vt 0.500877 0.357730
vt 0.519120 0.337519
vt 0.474325 0.364714
vt 0.491372 0.326815
vt 0.511651 0.289997
vt 0.535161 0.257124
vt 0.448370 0.360353
vt 0.485938 0.031870
vt 0.297234 0.041635
vt 0.223782 0.080580
vt 0.963471 0.343759
vt 0.953996 0.384101
vt 0.979043 0.377337
vt 0.944856 0.427849
vt 0.994299 0.414453
vt 0.969456 0.420190
vt 0.008918 0.453232
vt 0.984775 0.458857
vt 0.960093 0.465612
vt 0.936133 0.472998
vt 0.022652 0.491442
vt 0.999615 0.497864
vt 0.975357 0.504618
vt 0.951053 0.511218
vt 0.035343 0.527124
vt 0.013694 0.534945
vt 0.990305 0.542522
vt 0.966151 0.549236
vt 0.880721 0.715399
vt 0.887753 0.761322
vt 0.855768 0.743143
vt 0.897627 0.807910
vt 0.858879 0.791988
vt 0.825072 0.767494
vt 0.912289 0.852486
vt 0.863597 0.840692
vt 0.821643 0.816863
vt 0.789545 0.785114
vt 0.935668 0.892329
vt 0.871474 0.886751
vt 0.816358 0.864824
vt 0.777731 0.831755
vt 0.652266 0.704679
vt 0.625805 0.717924
vt 0.634128 0.672896
vt 0.419993 0.093437
vt 0.371121 0.107797
vt 0.413502 0.142158
vt 0.313934 0.130070
vt 0.363077 0.153884
vt 0.012699 0.330333
vt 0.028038 0.368817
vt 0.042069 0.409340
vt 0.054700 0.449538
vt 0.125905 0.287588
vt 0.107539 0.323162
vt 0.090851 0.362504
vt 0.152027 0.300822
vt 0.134120 0.332592
vt 0.117109 0.368501
vt 0.101349 0.406671
vt 0.925970 0.691201
vt 0.939228 0.733555
vt 0.954341 0.691153
vt 0.956424 0.775543
vt 0.997053 0.619812
vt 0.971743 0.732160
vt 0.978940 0.814164
vt 0.021754 0.609757
vt 0.993399 0.770888
vt 0.046431 0.657058
vt 0.042537 0.703704
vt 0.037632 0.751405
vt 0.031265 0.797758
vt 0.673863 0.770129
vt 0.643315 0.790122
vt 0.678379 0.813500
vt 0.605545 0.804222
vt 0.700488 0.869584
vt 0.639477 0.836470
vt 0.724569 0.915524
vt 0.589274 0.849549
vt 0.563342 0.808947
vt 0.793088 0.954812
vt 0.538548 0.465183
vt 0.518714 0.464298
vt 0.525828 0.500849
vt 0.486649 0.457463
vt 0.512088 0.539268
vt 0.502713 0.494406
vt 0.469068 0.442662
vt 0.487814 0.533707
vt 0.478308 0.487584
vt 0.445102 0.437090
vt 0.462931 0.526959
vt 0.453791 0.480873
vt 0.430365 0.474746
vt 0.334221 0.443988
vt 0.316107 0.475020
vt 0.297932 0.507229
vt 0.280228 0.538636
vt 0.263447 0.567540
vt 0.181901 0.352609
vt 0.165287 0.384014
vt 0.189751 0.393892
vt 0.148757 0.418929
vt 0.173239 0.428005
vt 0.089870 0.660143
vt 0.091467 0.707070
vt 0.114864 0.677763
vt 0.093536 0.755136
vt 0.142891 0.692346
vt 0.119963 0.726065
vt 0.096300 0.801983
vt 0.172460 0.702164
vt 0.151947 0.739854
vt 0.126561 0.774156
vt 0.225164 0.662563
vt 0.213592 0.702143
vt 0.185090 0.746740
vt 0.163500 0.785521
vt 0.135372 0.819519
vt 0.376024 0.471967
vt 0.359730 0.501755
vt 0.382610 0.514122
vt 0.342285 0.533688
vt 0.389671 0.559350
vt 0.365834 0.546934
vt 0.324085 0.565988
vt 0.397206 0.605600
vt 0.372461 0.594377
vt 0.347673 0.580821
vt 0.305650 0.596662
vt 0.405205 0.650507
vt 0.379633 0.641645
vt 0.353602 0.629066
vt 0.328555 0.613597
vt 0.287534 0.624100
vt 0.413657 0.692036
vt 0.387368 0.686310
vt 0.360113 0.675874
vt 0.333535 0.661072
vt 0.309065 0.643224
vt 0.251732 0.774577
vt 0.282000 0.806046
vt 0.322236 0.830808
vt 0.370295 0.844021
vt 0.259808 0.728720
vt 0.285535 0.757020
vt 0.317838 0.781287
vt 0.355685 0.797802
vt 0.395407 0.804430
vt 0.265722 0.685892
vt 0.288012 0.710555
vt 0.314947 0.733152
vt 0.345959 0.750925
vt 0.379118 0.761754
vt 0.411565 0.765197
vt 0.245933 0.292054
vt 0.273305 0.300933
vt 0.300527 0.314761
vt 0.326046 0.332589
vt 0.354338 0.212411
vt 0.316590 0.188110
vt 0.351933 0.262305
vt 0.320933 0.238294
vt 0.285341 0.221318
vt 0.248235 0.213290
vt 0.350171 0.309679
vt 0.323903 0.287206
vt 0.294126 0.269051
vt 0.262575 0.257178
vt 0.231685 0.252074
vt 0.305814 0.360692
vt 0.279776 0.345099
vt 0.285793 0.393000
vt 0.253226 0.333382
vt 0.260127 0.379191
vt 0.852410 0.058421
vt 0.718362 0.040645
vt 0.574404 0.063998
vt 0.480588 0.036646
vt 0.946393 0.016846
vt 0.298295 0.043487
vt 0.225869 0.082146
vt 0.104247 0.053040
vt 0.971025 0.063066
vt 0.446306 0.027743
vt 0.708615 0.023333
vt 0.291584 0.036803
vt 0.027879 0.011289
vt 0.228760 0.064414
vt 0.122993 0.041625
vt 0.351949 0.020019
vt 0.400428 0.004114
vt 0.277812 0.027750
vt 0.201863 0.013528
vt 0.238336 0.039493
vt 0.177473 0.027368
vt 0.281343 0.020687
vt 0.269440 0.017358
vt 0.267015 0.022944
vt 0.253738 0.019583
vt 0.254512 0.025514
vt 0.240428 0.022239
vt 0.411076 0.094873
vt 0.418181 0.100784
vt 0.428743 0.100388
vt 0.427124 0.089031
vt 0.433019 0.094660
vt 0.403434 0.089246
vt 0.415752 0.088865
vt 0.410179 0.083072
vt 0.418108 0.093472
vt 0.419255 0.094437
vt 0.421053 0.094351
vt 0.420658 0.092538
vt 0.421675 0.093411
vt 0.416997 0.092528
vt 0.418901 0.092521
vt 0.418122 0.091580
vt 0.517028 0.403124
vt 0.501953 0.396885
vt 0.508189 0.415851
vt 0.521265 0.423072
vt 0.492785 0.412559
vt 0.513075 0.443977
vt 0.498367 0.439139
vt 0.505519 0.406699
vt 0.517733 0.460734
vt 0.511794 0.418027
vt 0.499792 0.416529
vt 0.508617 0.423106
vt 0.502204 0.423915
vt 0.506999 0.415360
vt 0.507356 0.417476
vt 0.508470 0.417892
vt 0.506191 0.417047
vt 0.507817 0.419584
vt 0.506621 0.419190
vt 0.488717 0.454186
vt 0.477261 0.401551
vt 0.501073 0.364566
vt 0.526503 0.382712
vt 0.529821 0.425308
vn -0.8379 0.0000 -0.5458
vn 0.8379 0.0000 0.5458
vn -0.5458 0.0000 0.8379
vn 0.0000 -1.0000 0.0000
vn 0.0000 1.0000 0.0000
vn 0.5458 0.0000 -0.8379
usemtl Red
s off
f 44/44/1 14/14/1 4/4/1 38/38/1
f 48/48/2 22/22/2 6/6/2 40/40/2
f 49/49/3 28/28/3 2/2/3 37/37/3
f 36/36/4 24/24/4 5/5/4 27/27/4
f 35/35/5 23/23/5 2/2/5 28/28/5
f 42/42/6 11/11/6 100/100/6 101/101/6
f 26/26/5 4/4/5 14/14/5 31/31/5
f 25/25/4 7/7/4 15/15/4 32/32/4
f 39/39/2 8/8/2 16/16/2 43/43/2
f 47/47/1 23/23/1 19/19/1 45/45/1
f 37/37/1 2/2/1 23/23/1 47/47/1
f 33/33/5 19/19/5 23/23/5 35/35/5
f 34/34/4 20/20/4 24/24/4 36/36/4
f 46/46/2 18/18/2 22/22/2 48/48/2
f 17/17/4 34/34/4 36/36/4 21/21/4
f 18/18/5 33/33/5 35/35/5 22/22/5
f 3/3/4 25/25/4 32/32/4 13/13/4
f 8/8/5 26/26/5 31/31/5 16/16/5
f 11/11/6 29/29/6 104/104/6 100/100/6
f 22/22/5 35/35/5 28/28/5 6/6/5
f 21/21/4 36/36/4 27/27/4 1/1/4
f 40/40/3 6/6/3 28/28/3 49/49/3
f 5/5/3 40/40/3 49/49/3 27/27/3
f 41/41/6 9/9/6 99/99/6 106/106/6
f 20/20/2 46/46/2 48/48/2 24/24/2
f 1/1/1 37/37/1 47/47/1 21/21/1
f 21/21/1 47/47/1 45/45/1 17/17/1
f 7/7/2 39/39/2 43/43/2 15/15/2
f 10/10/6 41/41/6 106/106/6 105/105/6
f 27/27/3 49/49/3 37/37/3 1/1/3
f 24/24/2 48/48/2 40/40/2 5/5/2
f 13/13/1 44/44/1 38/38/1 3/3/1
f 75/75/6 76/76/6 72/72/6 68/68/6
f 73/73/1 82/82/1 64/64/1 58/58/1
f 78/78/6 81/81/6 69/69/6 70/70/6
f 76/76/6 74/74/6 73/73/6 72/72/6
f 94/94/6 97/97/6 85/85/6 86/86/6
f 92/92/6 90/90/6 89/89/6 88/88/6
f 97/97/6 91/91/6 84/84/6 85/85/6
f 93/93/6 95/95/6 87/87/6 83/83/6
f 102/102/2 101/101/2 97/97/2 94/94/2
f 100/100/4 104/104/4 92/92/4 91/91/4
f 103/103/5 102/102/5 94/94/5 95/95/5
f 105/105/1 106/106/1 96/96/1 90/90/1
f 96/96/6 93/93/6 83/83/6 98/98/6
f 90/90/6 96/96/6 98/98/6 89/89/6
f 95/95/6 94/94/6 86/86/6 87/87/6
f 91/91/6 92/92/6 88/88/6 84/84/6
f 30/30/6 12/12/6 102/102/6 103/103/6
f 9/9/6 30/30/6 103/103/6 99/99/6
f 12/12/6 42/42/6 101/101/6 102/102/6
f 29/29/6 10/10/6 105/105/6 104/104/6
f 106/106/1 99/99/1 93/93/1 96/96/1
f 99/99/5 103/103/5 95/95/5 93/93/5
f 101/101/2 100/100/2 91/91/2 97/97/2
f 82/82/1 67/67/1 61/61/1 64/64/1
f 104/104/4 105/105/4 90/90/4 92/92/4
f 81/81/6 75/75/6 68/68/6 69/69/6
f 67/67/5 71/71/5 63/63/5 61/61/5
f 69/69/2 68/68/2 59/59/2 65/65/2
f 79/79/6 78/78/6 70/70/6 71/71/6
f 74/74/6 80/80/6 82/82/6 73/73/6
f 80/80/6 77/77/6 67/67/6 82/82/6
f 77/77/6 79/79/6 71/71/6 67/67/6
f 71/71/5 70/70/5 62/62/5 63/63/5
f 68/68/4 72/72/4 60/60/4 59/59/4
f 70/70/2 69/69/2 65/65/2 62/62/2
f 72/72/4 73/73/4 58/58/4 60/60/4
f 57/57/6 54/54/6 50/50/6 66/66/6
f 50/50/6 53/53/6 52/52/6 56/56/6
f 66/66/6 50/50/6 56/56/6 55/55/6
f 54/54/6 51/51/6 53/53/6 50/50/6
usemtl White
f 39/39/2 7/7/2 11/11/2 42/42/2
f 25/25/4 3/3/4 10/10/4 29/29/4
f 26/26/5 8/8/5 12/12/5 30/30/5
f 38/38/1 4/4/1 9/9/1 41/41/1
f 45/45/1 19/19/1 14/14/1 44/44/1
f 31/31/5 14/14/5 19/19/5 33/33/5
f 32/32/4 15/15/4 20/20/4 34/34/4
f 43/43/2 16/16/2 18/18/2 46/46/2
f 13/13/4 32/32/4 34/34/4 17/17/4
f 16/16/5 31/31/5 33/33/5 18/18/5
f 4/4/5 26/26/5 30/30/5 9/9/5
f 7/7/4 25/25/4 29/29/4 11/11/4
f 15/15/2 43/43/2 46/46/2 20/20/2
f 17/17/1 45/45/1 44/44/1 13/13/1
f 3/3/1 38/38/1 41/41/1 10/10/1
f 8/8/2 39/39/2 42/42/2 12/12/2
f 89/89/1 98/98/1 80/80/1 74/74/1
f 83/83/5 87/87/5 79/79/5 77/77/5
f 85/85/2 84/84/2 75/75/2 81/81/2
f 88/88/4 89/89/4 74/74/4 76/76/4
f 86/86/2 85/85/2 81/81/2 78/78/2
f 84/84/4 88/88/4 76/76/4 75/75/4
f 87/87/5 86/86/5 78/78/5 79/79/5
f 98/98/1 83/83/1 77/77/1 80/80/1
f 59/59/4 60/60/4 66/66/4 55/55/4
f 61/61/5 63/63/5 53/53/5 51/51/5
f 60/60/4 58/58/4 57/57/4 66/66/4
f 64/64/1 61/61/1 51/51/1 54/54/1
f 62/62/2 65/65/2 56/56/2 52/52/2
f 65/65/2 59/59/2 55/55/2 56/56/2
f 63/63/5 62/62/5 52/52/5 53/53/5
f 58/58/1 64/64/1 54/54/1 57/57/1
o Cube_Cube.003
v 0.468643 0.557292 -0.703570
v 0.476101 0.567619 -0.711998
v 0.507550 0.560250 -0.665517
v 0.515008 0.570577 -0.673945
v 0.389463 0.673190 -0.631621
v 0.396920 0.683517 -0.640048
v 0.428370 0.676149 -0.593568
v 0.435827 0.686475 -0.601996
v 0.403876 0.558485 -0.747020
v 0.411333 0.568812 -0.755448
v 0.447844 0.552572 -0.727758
v 0.455301 0.562899 -0.723788
v 0.351369 0.673432 -0.665032
v 0.358826 0.683759 -0.661062
v 0.395336 0.667520 -0.633372
v 0.402794 0.677846 -0.641800
v 0.501897 0.565598 -0.663966
v 0.493585 0.583613 -0.700212
v 0.545680 0.560086 -0.631979
v 0.553137 0.570413 -0.640407
v 0.448110 0.680712 -0.570509
v 0.439798 0.698727 -0.606755
v 0.491892 0.675200 -0.538521
v 0.499350 0.685527 -0.546949
v 0.625953 0.565723 -0.554042
v 0.633410 0.576050 -0.562469
v 0.654342 0.581066 -0.510120
v 0.661800 0.591393 -0.518548
v 0.515510 0.673119 -0.520173
v 0.522968 0.683446 -0.528601
v 0.543900 0.688463 -0.476251
v 0.551357 0.698789 -0.484679
v 0.562832 0.562703 -0.613595
v 0.570290 0.573030 -0.622023
v 0.598913 0.569518 -0.573318
v 0.606370 0.579845 -0.581746
v 0.473139 0.677231 -0.552627
v 0.480597 0.687558 -0.561055
v 0.509220 0.684046 -0.512350
v 0.516677 0.694373 -0.520778
v 0.660802 0.570003 -0.517960
v 0.668260 0.580330 -0.526388
v 0.696568 0.577217 -0.477472
v 0.704026 0.587544 -0.485900
v 0.570061 0.684326 -0.458171
v 0.577518 0.694653 -0.466598
v 0.605827 0.691540 -0.417683
v 0.613284 0.701867 -0.426111
v 0.416854 0.593775 -0.713193
v 0.420494 0.598817 -0.717307
v 0.439031 0.575196 -0.716335
v 0.442672 0.580237 -0.720449
v 0.655924 0.618245 -0.471664
v 0.659565 0.623287 -0.475778
v 0.678102 0.599666 -0.474806
v 0.681742 0.604707 -0.478920
v 0.372479 0.653766 -0.678950
v 0.376120 0.658807 -0.683065
v 0.394167 0.635149 -0.682571
v 0.397808 0.640191 -0.686685
v 0.598356 0.677233 -0.450325
v 0.601997 0.682274 -0.454439
v 0.620044 0.658616 -0.453945
v 0.623685 0.663658 -0.458060
vn 0.5020 -0.7348 -0.4562
vn 0.7139 0.0543 0.6982
vn -0.5020 0.7348 0.4562
vn -0.7139 -0.0543 -0.6982
vn -0.4883 -0.6761 0.5518
vn 0.4883 0.6761 -0.5518
vn 0.3982 -0.4590 -0.7942
vn 0.6139 -0.2844 0.7363
vn -0.3982 0.4590 0.7942
vn -0.6139 0.2845 -0.7363
vn -0.4394 -0.6645 0.6045
vn 0.4394 0.6645 -0.6045
vn 0.3112 -0.7998 -0.5133
vn 0.8033 -0.1011 0.5869
vn -0.3112 0.7998 0.5133
vn -0.9066 -0.4221 -0.0019
vn 0.6037 0.6532 -0.4570
vn 0.7002 -0.6809 -0.2147
vn 0.5209 0.2815 0.8059
vn -0.7002 0.6809 0.2147
vn -0.5209 -0.2815 -0.8059
vn 0.5686 -0.7261 -0.3865
vn 0.6620 0.1250 0.7390
vn -0.5687 0.7261 0.3865
vn -0.6620 -0.1250 -0.7390
vn 0.5753 -0.7248 -0.3791
vn 0.6562 0.1324 0.7429
vn -0.5753 0.7248 0.3791
vn -0.6562 -0.1324 -0.7429
vn -0.4253 -0.3678 -0.8270
vn 0.5189 -0.7333 -0.4393
vn 0.4253 0.3678 0.8270
vn -0.5189 0.7333 0.4393
vn -0.4415 -0.3540 -0.8245
vn 0.5199 -0.7332 -0.4384
vn 0.4415 0.3540 0.8245
vn -0.5199 0.7332 0.4384
usemtl LightBrown
s off
f 107/107/7 108/108/7 110/110/7 109/109/7
f 109/109/8 110/110/8 114/114/8 113/113/8
f 113/113/9 114/114/9 112/112/9 111/111/9
f 111/111/10 112/112/10 108/108/10 107/107/10
f 109/109/11 113/113/11 111/111/11 107/107/11
f 114/114/12 110/110/12 108/108/12 112/112/12
f 115/115/13 116/116/13 118/118/13 117/117/13
f 117/117/14 118/118/14 122/122/14 121/121/14
f 121/121/15 122/122/15 120/120/15 119/119/15
f 119/119/16 120/120/16 116/116/16 115/115/16
f 117/117/17 121/121/17 119/119/17 115/115/17
f 122/122/18 118/118/18 116/116/18 120/120/18
f 123/123/19 124/124/19 126/126/19 125/125/19
f 125/125/20 126/126/20 130/130/20 129/129/20
f 129/129/21 130/130/21 128/128/21 127/127/21
f 127/127/22 128/128/22 124/124/22 123/123/22
f 125/125/11 129/129/11 127/127/11 123/123/11
f 130/130/23 126/126/23 124/124/23 128/128/23
f 131/131/24 132/132/24 134/134/24 133/133/24
f 133/133/25 134/134/25 138/138/25 137/137/25
f 137/137/26 138/138/26 136/136/26 135/135/26
f 135/135/27 136/136/27 132/132/27 131/131/27
f 133/133/11 137/137/11 135/135/11 131/131/11
f 138/138/12 134/134/12 132/132/12 136/136/12
f 139/139/28 140/140/28 142/142/28 141/141/28
f 141/141/29 142/142/29 146/146/29 145/145/29
f 145/145/30 146/146/30 144/144/30 143/143/30
f 143/143/31 144/144/31 140/140/31 139/139/31
f 141/141/11 145/145/11 143/143/11 139/139/11
f 146/146/12 142/142/12 140/140/12 144/144/12
f 147/147/32 148/148/32 150/150/32 149/149/32
f 149/149/33 150/150/33 154/154/33 153/153/33
f 153/153/34 154/154/34 152/152/34 151/151/34
f 151/151/35 152/152/35 148/148/35 147/147/35
f 149/149/11 153/153/11 151/151/11 147/147/11
f 154/154/12 150/150/12 148/148/12 152/152/12
f 155/155/36 156/156/36 158/158/36 157/157/36
f 157/157/37 158/158/37 162/162/37 161/161/37
f 161/161/38 162/162/38 160/160/38 159/159/38
f 159/159/39 160/160/39 156/156/39 155/155/39
f 162/162/12 158/158/12 156/156/12 160/160/12
f 163/163/40 164/164/40 166/166/40 165/165/40
f 165/165/41 166/166/41 170/170/41 169/169/41
f 169/169/42 170/170/42 168/168/42 167/167/42
f 167/167/43 168/168/43 164/164/43 163/163/43
f 170/170/12 166/166/12 164/164/12 168/168/12
o Icosphere.004_Icosphere.005
v -0.892161 0.476926 -0.902807
v -0.836746 0.414351 -0.984355
v -0.817861 0.551817 -0.852012
v -0.839715 0.457193 -0.800354
v -0.852077 0.370247 -0.877323
v -0.727079 0.453787 -0.991768
v -0.730048 0.496628 -0.807767
v -0.751885 0.382424 -0.818584
v -0.750051 0.355945 -0.932303
v -0.674633 0.434053 -0.889315
v -0.841732 0.590755 -1.039493
v -0.918985 0.539126 -0.968762
v -0.863570 0.476551 -1.050310
v -0.844685 0.614017 -0.917967
v -0.753903 0.515986 -1.057723
v -0.731074 0.633042 -1.053826
v -0.622329 0.814234 -0.987084
v -0.607090 0.718708 -0.840250
v -0.735940 0.795209 -0.851225
v -0.709115 0.733010 -0.785270
v -0.618334 0.634979 -0.925025
v -0.645158 0.697179 -0.990980
v -0.621302 0.677820 -0.741024
v -0.565888 0.615246 -0.822573
v -0.699531 0.606582 -1.024351
v -0.672707 0.544383 -0.958396
v -0.620260 0.524649 -0.855944
v -0.763488 0.642413 -0.818641
v -0.790312 0.704613 -0.884596
v -0.676702 0.723638 -1.020455
v -0.675675 0.587224 -0.774396
vn -0.4706 -0.0422 0.8813
vn -0.8717 -0.3964 -0.2882
vn -0.8333 -0.5292 -0.1602
vn -0.7643 0.4359 0.4752
vn -0.8829 -0.2346 0.4068
vn -0.3350 -0.8533 -0.3996
vn 0.4503 -0.5339 0.7157
vn -0.7330 0.3202 0.6001
vn -0.1206 0.4970 0.8593
vn -0.3531 -0.5915 0.7249
vn 0.1372 -0.5378 -0.8319
vn 0.1938 -0.6732 -0.7137
vn 0.6342 -0.0982 -0.7669
vn 0.1078 -0.1142 0.9876
vn -0.0144 -0.9739 0.2265
vn 0.7494 -0.4634 -0.4729
vn 0.8189 -0.3148 -0.4799
vn -0.7826 0.2616 0.5649
vn 0.7313 -0.2016 0.6516
vn 0.6557 -0.7329 0.1812
vn -0.7313 0.2016 -0.6516
vn -0.6450 0.7475 -0.1588
vn -0.1078 0.1142 -0.9876
vn -0.3715 0.9102 -0.1832
vn -0.1516 0.0624 -0.9865
vn 0.9698 -0.0602 -0.2363
vn 0.4147 0.7683 0.4876
vn 0.3350 0.8533 0.3996
vn 0.8751 0.2812 -0.3938
vn 0.8717 0.3964 0.2882
vn -0.6656 0.5748 -0.4761
vn 0.7826 -0.2616 -0.5649
usemtl White
s off
f 201/201/44 193/193/44 190/190/44 198/198/44
f 172/172/45 175/175/45 171/171/45
f 171/171/46 182/182/46 183/183/46 172/172/46
f 171/171/47 174/174/47 173/173/47
f 171/171/48 175/175/48 174/174/48
f 172/172/49 179/179/49 175/175/49
f 197/197/50 194/194/50 193/193/50 201/201/50
f 173/173/51 184/184/51 182/182/51 171/171/51
f 174/174/52 177/177/52 173/173/52
f 175/175/53 178/178/53 174/174/53
f 172/172/54 176/176/54 179/179/54
f 172/172/55 183/183/55 185/185/55 176/176/55
f 200/200/56 187/187/56 192/192/56 195/195/56
f 174/174/57 178/178/57 177/177/57
f 175/175/58 179/179/58 178/178/58
f 176/176/59 180/180/59 179/179/59
f 196/196/60 191/191/60 194/194/60 197/197/60
f 198/198/61 190/190/61 189/189/61 199/199/61
f 178/178/62 180/180/62 177/177/62
f 179/179/63 180/180/63 178/178/63
f 182/182/64 181/181/64 183/183/64
f 182/182/65 184/184/65 181/181/65
f 181/181/66 185/185/66 183/183/66
f 184/184/67 186/186/67 181/181/67
f 181/181/68 186/186/68 185/185/68
f 191/191/69 192/192/69 187/187/69 188/188/69
f 188/188/70 187/187/70 189/189/70 190/190/70
f 190/190/71 193/193/71 188/188/71
f 188/188/72 194/194/72 191/191/72
f 193/193/73 194/194/73 188/188/73
f 199/199/74 189/189/74 187/187/74 200/200/74
f 195/195/75 192/192/75 191/191/75 196/196/75
f 185/185/75 195/195/75 196/196/75 176/176/75
f 184/184/74 199/199/74 200/200/74 186/186/74
f 173/173/61 198/198/61 199/199/61 184/184/61
f 176/176/60 196/196/60 197/197/60 180/180/60
f 186/186/56 200/200/56 195/195/56 185/185/56
f 180/180/50 197/197/50 201/201/50 177/177/50
f 177/177/44 201/201/44 198/198/44 173/173/44
o Icosphere.003_Icosphere.004
v 0.438698 -0.270779 -1.213903
v 0.482402 -0.375627 -1.240984
v 0.518942 -0.187579 -1.232553
v 0.505287 -0.224542 -1.129853
v 0.482719 -0.339115 -1.130065
v 0.613334 -0.401732 -1.298309
v 0.636219 -0.250647 -1.187178
v 0.613847 -0.342654 -1.118837
v 0.599703 -0.436032 -1.187519
v 0.679924 -0.355494 -1.214259
v 0.468438 -0.276302 -1.396299
v 0.402360 -0.263461 -1.300877
v 0.446065 -0.368309 -1.327958
v 0.482605 -0.180261 -1.319527
v 0.553298 -0.352572 -1.371436
v 0.575650 -0.262925 -1.446949
v 0.679672 -0.125643 -1.443593
v 0.716249 -0.105371 -1.272804
v 0.586627 -0.042980 -1.316171
v 0.622964 -0.050297 -1.229197
v 0.693658 -0.222608 -1.281106
v 0.657320 -0.215290 -1.368080
v 0.716543 -0.071523 -1.169975
v 0.760247 -0.176370 -1.197056
v 0.611238 -0.266876 -1.411147
v 0.671274 -0.316036 -1.338020
v 0.737863 -0.269799 -1.253970
v 0.576882 -0.101883 -1.272264
v 0.540544 -0.094565 -1.359238
v 0.633590 -0.177229 -1.486660
v 0.694159 -0.164951 -1.226889
vn -0.5184 -0.3058 0.7986
vn -0.9010 -0.4112 0.1379
vn -0.8439 -0.4334 0.3161
vn -0.6921 0.7036 0.1612
vn -0.8146 0.1594 0.5577
vn -0.5343 -0.8024 0.2657
vn -0.4340 -0.3906 0.8119
vn -0.6426 0.6930 0.3268
vn 0.3309 0.8730 0.3582
vn -0.0849 0.0149 0.9963
vn -0.3166 -0.8944 -0.3159
vn -0.1471 -0.9572 -0.2491
vn 0.8233 -0.4715 -0.3161
vn 0.4311 0.4681 0.7714
vn -0.0850 -0.5820 0.8087
vn 0.6779 -0.7217 -0.1400
vn 0.6867 0.2510 -0.6822
vn -0.8245 0.4195 0.3798
vn 0.8177 0.2016 0.5391
vn 0.6798 -0.4986 0.5378
vn -0.8177 -0.2016 -0.5391
vn -0.6660 0.5232 -0.5316
vn -0.2477 -0.5382 -0.8056
vn -0.4000 0.6076 -0.6862
vn -0.2905 -0.5730 -0.7663
vn 0.9268 -0.2819 -0.2480
vn 0.4744 0.8622 -0.1775
vn 0.3825 0.8773 -0.2899
vn 0.8084 -0.1149 -0.5773
vn 0.9010 0.4112 -0.1379
vn -0.2241 0.7347 -0.6403
vn 0.8500 -0.0390 -0.5254
vn 0.3838 -0.5890 -0.7111
vn -0.7303 0.1896 -0.6563
vn -0.6962 0.6301 0.3439
vn 0.7447 -0.6191 -0.2494
vn 0.5196 -0.6225 -0.5852
vn 0.5510 0.0141 0.8344
vn -0.0888 0.4676 0.8795
usemtl White
s off
f 232/232/76 224/224/76 221/221/76 229/229/76
f 203/203/77 206/206/77 202/202/77
f 202/202/78 213/213/78 214/214/78 203/203/78
f 202/202/79 205/205/79 204/204/79
f 202/202/80 206/206/80 205/205/80
f 203/203/81 210/210/81 206/206/81
f 228/228/82 225/225/82 224/224/82 232/232/82
f 204/204/83 215/215/83 213/213/83 202/202/83
f 205/205/84 208/208/84 204/204/84
f 206/206/85 209/209/85 205/205/85
f 203/203/86 207/207/86 210/210/86
f 203/203/87 214/214/87 216/216/87 207/207/87
f 231/231/88 218/218/88 223/223/88 226/226/88
f 205/205/89 209/209/89 208/208/89
f 206/206/90 210/210/90 209/209/90
f 207/207/91 211/211/91 210/210/91
f 227/227/92 222/222/92 225/225/92 228/228/92
f 229/229/93 221/221/93 220/220/93 230/230/93
f 209/209/94 211/211/94 208/208/94
f 210/210/95 211/211/95 209/209/95
f 213/213/96 212/212/96 214/214/96
f 213/213/97 215/215/97 212/212/97
f 212/212/98 216/216/98 214/214/98
f 215/215/99 217/217/99 212/212/99
f 212/212/100 217/217/100 216/216/100
f 222/222/101 223/223/101 218/218/101 219/219/101
f 219/219/102 218/218/102 220/220/102 221/221/102
f 221/221/103 224/224/103 219/219/103
f 219/219/104 225/225/104 222/222/104
f 224/224/105 225/225/105 219/219/105
f 230/230/106 220/220/106 218/218/106 231/231/106
f 226/226/107 223/223/107 222/222/107 227/227/107
f 216/216/108 226/226/108 227/227/108 207/207/108
f 215/215/109 230/230/109 231/231/109 217/217/109
f 204/204/110 229/229/110 230/230/110 215/215/110
f 207/207/111 227/227/111 228/228/111 211/211/111
f 217/217/112 231/231/112 226/226/112 216/216/112
f 211/211/113 228/228/113 232/232/113 208/208/113
f 208/208/114 232/232/114 229/229/114 204/204/114
o Icosphere.002_Icosphere.003
v 1.247540 0.300855 0.355415
v 1.346899 0.362519 0.346335
v 1.166855 0.362519 0.414728
v 1.161820 0.362519 0.304358
v 1.269609 0.362519 0.258113
v 1.373150 0.492872 0.406472
v 1.188072 0.492872 0.364495
v 1.248092 0.492872 0.263725
v 1.362478 0.492872 0.289667
v 1.287431 0.554535 0.355415
v 1.320368 0.320052 0.525160
v 1.281029 0.258388 0.433469
v 1.380388 0.320052 0.424389
v 1.200344 0.320052 0.492783
v 1.366748 0.419826 0.484526
v 1.311725 0.419826 0.591001
v 1.169436 0.495737 0.653706
v 1.077544 0.538204 0.508988
v 1.058055 0.395962 0.555489
v 1.024566 0.438429 0.477434
v 1.190970 0.538204 0.469178
v 1.224459 0.495737 0.547232
v 1.005892 0.538204 0.427201
v 1.105251 0.599868 0.418121
v 1.295604 0.457782 0.561234
v 1.302006 0.530827 0.483180
v 1.216286 0.592491 0.432123
v 1.095711 0.400474 0.491437
v 1.129199 0.358007 0.569491
v 1.240581 0.457782 0.667709
v 1.116927 0.530827 0.441203
vn 0.0412 -0.4001 -0.9155
vn 0.4566 -0.7947 -0.4000
vn 0.3975 -0.7236 -0.5642
vn -0.5943 -0.8038 0.0271
vn -0.2394 -0.7947 -0.5579
vn 0.7040 -0.3522 -0.6167
vn 0.0997 -0.3003 -0.9486
vn -0.6578 -0.7432 -0.1221
vn -0.9831 0.1773 0.0449
vn -0.3941 -0.0255 -0.9187
vn 0.9836 -0.1566 -0.0899
vn 0.9880 0.0256 -0.1525
vn 0.4252 0.8780 0.2197
vn -0.7952 0.3786 -0.4736
vn 0.2205 0.0783 -0.9722
vn 0.6045 0.7947 -0.0552
vn -0.0635 0.5826 0.8102
vn -0.4030 -0.8653 -0.2979
vn -0.5216 0.7947 -0.3106
vn 0.1343 0.7947 -0.5920
vn 0.5216 -0.7947 0.3106
vn -0.1612 -0.7855 0.5974
vn 0.8439 -0.1876 0.5026
vn -0.2174 -0.5507 0.8059
vn 0.8665 -0.2204 0.4478
vn 0.2106 0.9470 0.2425
vn -0.7837 0.2874 0.5507
vn -0.7388 0.1876 0.6473
vn 0.2077 0.7788 0.5919
vn -0.4566 0.7947 0.4000
vn -0.3778 -0.4002 0.8349
vn 0.1121 0.8080 0.5784
vn 0.7554 0.4464 0.4797
vn 0.2001 -0.7916 0.5773
vn -0.5993 -0.7826 -0.1686
vn 0.5445 0.8336 0.0926
vn 0.7150 0.5935 0.3695
vn -0.4274 0.5875 -0.6871
vn -0.7574 -0.1238 -0.6412
usemtl White
s off
f 263/263/115 260/260/115 252/252/115 255/255/115
f 234/234/116 233/233/116 237/237/116
f 233/233/117 234/234/117 245/245/117 244/244/117
f 233/233/118 235/235/118 236/236/118
f 233/233/119 236/236/119 237/237/119
f 234/234/120 237/237/120 241/241/120
f 259/259/121 263/263/121 255/255/121 256/256/121
f 235/235/122 233/233/122 244/244/122 246/246/122
f 236/236/123 235/235/123 239/239/123
f 237/237/124 236/236/124 240/240/124
f 234/234/125 241/241/125 238/238/125
f 234/234/126 238/238/126 247/247/126 245/245/126
f 262/262/127 257/257/127 254/254/127 249/249/127
f 236/236/128 239/239/128 240/240/128
f 237/237/129 240/240/129 241/241/129
f 238/238/130 241/241/130 242/242/130
f 258/258/131 259/259/131 256/256/131 253/253/131
f 260/260/132 261/261/132 251/251/132 252/252/132
f 240/240/133 239/239/133 242/242/133
f 241/241/134 240/240/134 242/242/134
f 244/244/135 245/245/135 243/243/135
f 244/244/136 243/243/136 246/246/136
f 243/243/137 245/245/137 247/247/137
f 246/246/138 243/243/138 248/248/138
f 243/243/139 247/247/139 248/248/139
f 253/253/140 250/250/140 249/249/140 254/254/140
f 250/250/141 252/252/141 251/251/141 249/249/141
f 252/252/142 250/250/142 255/255/142
f 250/250/143 253/253/143 256/256/143
f 255/255/144 250/250/144 256/256/144
f 261/261/145 262/262/145 249/249/145 251/251/145
f 257/257/146 258/258/146 253/253/146 254/254/146
f 247/247/147 238/238/147 258/258/147 257/257/147
f 246/246/148 248/248/148 262/262/148 261/261/148
f 235/235/149 246/246/149 261/261/149 260/260/149
f 238/238/150 242/242/150 259/259/150 258/258/150
f 248/248/151 247/247/151 257/257/151 262/262/151
f 242/242/152 239/239/152 263/263/152 259/259/152
f 239/239/153 235/235/153 260/260/153 263/263/153
o Icosphere.001_Icosphere.002
v -0.083318 0.881287 0.875462
v -0.002600 0.942951 0.934106
v -0.183093 0.942951 0.866907
v -0.114150 0.942951 0.780572
v -0.002600 0.942951 0.816817
v -0.052487 1.042726 0.970352
v -0.164037 1.042726 0.816817
v -0.052487 1.042726 0.780572
v 0.016456 1.042726 0.875462
v -0.083318 1.104390 0.875462
v -0.140396 0.900484 1.051130
v -0.109565 0.838820 0.956240
v -0.028846 0.900484 1.014885
v -0.209339 0.900484 0.947685
v -0.078733 1.000259 1.051130
v -0.190283 1.000259 1.094959
v -0.398405 1.076169 1.116590
v -0.372159 1.118636 0.947183
v -0.417461 0.976394 0.969317
v -0.391215 1.018862 0.888539
v -0.260610 1.118636 0.991983
v -0.286856 1.076169 1.072762
v -0.372159 1.118636 0.838449
v -0.291441 1.180300 0.897093
v -0.182795 1.038214 1.061946
v -0.156549 1.080681 0.981167
v -0.187380 1.142345 0.886278
v -0.287154 0.980906 0.877723
v -0.313400 0.938439 0.958501
v -0.294344 1.038214 1.105775
v -0.268098 1.080681 0.827633
vn -0.2376 -0.3992 -0.8855
vn 0.6071 -0.7947 0.0000
vn 0.6708 -0.7236 -0.1625
vn -0.4649 -0.8038 -0.3713
vn 0.1876 -0.7947 -0.5774
vn 0.9822 -0.1876 0.0000
vn 0.1313 0.5875 -0.7985
vn -0.4143 -0.7432 -0.5253
vn -0.7711 -0.1619 -0.6158
vn 0.3035 -0.1876 -0.9342
vn 0.7946 0.1876 0.5774
vn 0.8618 0.2764 0.4253
vn 0.2943 0.5935 0.7491
vn -0.3035 0.1876 -0.9342
vn 0.7946 0.1876 -0.5774
vn 0.4911 0.7947 0.3568
vn 0.3486 0.8336 0.4285
vn -0.3397 -0.7826 -0.5218
vn -0.1876 0.7947 -0.5774
vn 0.4911 0.7947 -0.3568
vn 0.1876 -0.7947 0.5774
vn -0.5149 -0.7855 0.3432
vn 0.3035 -0.1876 0.9342
vn -0.6946 -0.5507 0.4629
vn 0.3567 -0.2204 0.9078
vn -0.0014 0.9470 0.3212
vn -0.9523 0.2874 -0.1022
vn -0.9822 0.1876 0.0000
vn -0.2338 0.7788 0.5821
vn -0.6071 0.7947 0.0000
vn -0.2299 -0.7916 0.5661
vn 0.3397 0.7826 0.5218
usemtl White
s off
f 294/294/154 291/291/154 283/283/154 286/286/154
f 265/265/155 264/264/155 268/268/155
f 264/264/156 265/265/156 276/276/156 275/275/156
f 264/264/157 266/266/157 267/267/157
f 264/264/158 267/267/158 268/268/158
f 265/265/159 268/268/159 272/272/159
f 290/290/160 294/294/160 286/286/160 287/287/160
f 266/266/161 264/264/161 275/275/161 277/277/161
f 267/267/162 266/266/162 270/270/162
f 268/268/163 267/267/163 271/271/163
f 265/265/164 272/272/164 269/269/164
f 265/265/165 269/269/165 278/278/165 276/276/165
f 293/293/166 288/288/166 285/285/166 280/280/166
f 267/267/167 270/270/167 271/271/167
f 268/268/168 271/271/168 272/272/168
f 269/269/169 272/272/169 273/273/169
f 289/289/170 290/290/170 287/287/170 284/284/170
f 291/291/171 292/292/171 282/282/171 283/283/171
f 271/271/172 270/270/172 273/273/172
f 272/272/173 271/271/173 273/273/173
f 275/275/174 276/276/174 274/274/174
f 275/275/175 274/274/175 277/277/175
f 274/274/176 276/276/176 278/278/176
f 277/277/177 274/274/177 279/279/177
f 274/274/178 278/278/178 279/279/178
f 284/284/179 281/281/179 280/280/179 285/285/179
f 281/281/180 283/283/180 282/282/180 280/280/180
f 283/283/181 281/281/181 286/286/181
f 281/281/182 284/284/182 287/287/182
f 286/286/183 281/281/183 287/287/183
f 292/292/184 293/293/184 280/280/184 282/282/184
f 288/288/185 289/289/185 284/284/185 285/285/185
f 278/278/185 269/269/185 289/289/185 288/288/185
f 277/277/184 279/279/184 293/293/184 292/292/184
f 266/266/171 277/277/171 292/292/171 291/291/171
f 269/269/170 273/273/170 290/290/170 289/289/170
f 279/279/166 278/278/166 288/288/166 293/293/166
f 273/273/160 270/270/160 294/294/160 290/290/160
f 270/270/154 266/266/154 291/291/154 294/294/154
o Icosphere
v 0.761531 0.168053 0.709978
v 0.723607 -0.656799 -0.212151
v -0.276388 -0.957020 -0.087882
v -0.894426 -0.171041 -0.413215
v -0.276388 0.614934 -0.738556
v 0.723607 0.314713 -0.614286
v 0.643056 0.204093 0.805444
v -0.723607 -0.314713 0.636954
v -0.723607 0.656799 0.212151
v 0.276388 1.017065 0.087882
v -0.178622 -0.473787 0.929895
v 0.000000 0.382458 0.923973
v -0.257937 -0.944119 -0.205200
v -0.232822 -0.913558 -0.333475
v -0.200688 -0.861529 -0.466361
v -0.162456 -0.787321 -0.594755
v -0.120413 -0.694649 -0.709199
v -0.331129 -0.428001 0.910943
v -0.472061 -0.373072 0.871323
v -0.068948 -0.372108 0.989183
v -0.226246 -0.329932 0.982269
v -0.377962 -0.279336 0.950782
v -0.513168 -0.224726 0.898901
v 0.042091 -0.261136 1.024354
v -0.112938 -0.220763 1.030762
v 0.675300 -0.663941 -0.321173
v 0.638452 -0.740542 -0.209705
v 0.531941 -0.821993 -0.203387
v 0.405008 -0.893855 -0.192333
v 0.262869 -0.948577 -0.176355
v 0.114564 -0.981053 -0.156240
v -0.029639 -0.990592 -0.133599
v -0.161465 -0.980695 -0.110299
v 0.771771 0.206139 -0.601561
v 0.812729 0.080683 -0.577028
v 0.840673 -0.057628 -0.538469
v 0.850648 -0.201072 -0.485766
v 0.840673 -0.339799 -0.421670
v 0.812729 -0.464900 -0.351196
v 0.771771 -0.570994 -0.279885
v -0.269525 -0.173752 1.011303
v -0.415431 -0.123778 0.967498
v -0.000061 -0.109025 1.052631
v -0.154356 -0.063897 1.046479
v -0.305075 -0.017453 1.014727
v 0.609547 0.157714 -0.776904
v 0.675300 0.242714 -0.696463
v -0.834716 -0.210612 -0.508814
v -0.753442 -0.251472 -0.607526
v -0.649456 -0.290821 -0.702588
v -0.525730 -0.325338 -0.785979
v -0.389673 -0.352226 -0.850936
v -0.251147 -0.370200 -0.894359
v -0.119245 -0.379729 -0.917380
v -0.377183 -0.915934 -0.137105
v -0.483971 -0.854195 -0.190058
v -0.562490 0.571000 0.687433
v -0.452134 0.529160 0.795992
v -0.333579 0.476327 0.883181
v -0.831051 -0.412802 -0.372759
v -0.871565 -0.287212 -0.397346
v -0.257937 0.522892 -0.812436
v -0.232822 0.410612 -0.904608
v -0.200688 0.279885 -0.961846
v -0.162456 0.136643 -1.000232
v -0.120413 -0.009804 -1.015699
v -0.077607 -0.149506 -0.985711
v -0.036848 -0.274943 -0.960754
v -0.905642 -0.077640 -0.484094
v -0.865127 0.028586 -0.555462
v -0.803949 0.143710 -0.621807
v -0.688189 0.260912 -0.676994
v -0.216142 0.417643 0.945853
v -0.466613 0.873341 0.362923
v -0.325681 0.940202 0.352130
v -0.161465 0.615840 -0.771149
v -0.029639 0.606373 -0.794627
v 0.421955 0.496426 -0.767808
v 0.548887 0.437775 -0.724839
v 0.655399 0.375687 -0.671742
v 0.931188 0.072059 0.357346
v 0.956626 -0.040341 0.288513
v 0.964711 -0.161950 0.207616
v 0.951058 -0.285519 0.118184
v 0.915098 -0.402393 0.025981
v 0.860698 -0.505243 -0.062682
v 0.794547 -0.590149 -0.142898
v 0.794547 0.316507 -0.518188
v 0.860698 0.313134 -0.401431
v -0.173174 0.985988 0.333178
v -0.507720 0.787884 0.487277
v -0.372514 0.863185 0.485385
v -0.220798 0.921234 0.471901
v -0.063500 0.955958 0.446984
v 0.221089 -0.701473 0.677536
v 0.155215 -0.786729 0.597466
v 0.080276 -0.863459 0.497991
v -0.264077 0.831264 0.602823
v -0.107490 0.878275 0.583364
v -0.155215 -0.978839 0.133351
v -0.221089 -0.975115 0.016450
v 0.712150 -0.694937 -0.099524
v 0.687159 -0.725942 0.028670
v 0.645839 -0.744823 0.167721
v 0.587786 -0.747510 0.309415
v 0.515946 -0.732664 0.443851
v 0.047539 0.902308 0.550297
v -0.409983 0.764950 0.607153
v -0.794547 -0.316507 0.540855
v -0.860698 -0.313134 0.401431
v -0.915098 -0.303036 0.266016
v -0.951058 -0.285519 0.118184
v -0.148908 0.778408 0.705349
v -0.956626 -0.232449 -0.175598
v -0.931188 -0.201580 -0.303734
v -0.354409 -0.935090 -0.000118
v -0.436007 -0.894541 0.098458
v 0.005387 0.814682 0.677808
v -0.299627 0.723110 0.715712
v -0.036119 0.710125 0.786406
v -0.687159 -0.533831 0.492785
v -0.712150 -0.421295 0.561563
v -0.712150 0.694937 0.099524
v -0.687159 0.725942 -0.028670
v -0.679916 0.744823 -0.167721
v -0.621862 0.747510 -0.309415
v -0.515946 0.732664 -0.443851
v -0.436007 0.702431 -0.562573
v -0.354409 0.661448 -0.660969
v -0.965265 -0.072059 -0.357346
v -0.990703 0.040341 -0.288513
v -0.184849 0.665473 0.804889
v -0.074193 0.598165 0.871130
v 0.633104 0.738949 0.401572
v -0.860698 0.505243 0.062682
v -0.794547 0.590149 0.142898
v 0.354409 0.987478 0.000118
v 0.436007 0.942443 -0.098458
v 0.515946 0.832021 -0.203815
v 0.587786 0.747510 -0.309415
v 0.645839 0.645465 -0.407758
v 0.704105 0.533831 -0.492785
v 0.729097 0.421295 -0.561563
v -0.221089 0.701473 -0.677536
v -0.155215 0.786729 -0.597466
v -0.080276 0.863459 -0.497991
v 0.000000 0.923973 -0.382458
v 0.727360 0.619080 0.451188
v 0.802639 0.487309 0.488848
v 0.856295 0.354366 0.513561
v 0.871565 0.077640 0.484094
v 0.831051 -0.028586 0.555462
v 0.769872 -0.143710 0.621807
v 0.688189 -0.260912 0.676994
v 0.590366 -0.371994 0.716302
v 0.483971 -0.469977 0.738169
v 0.605281 0.668250 0.542756
v 0.161465 -0.615840 0.771149
v 0.029639 -0.606373 0.794627
v -0.114564 -0.583624 0.803902
v -0.262869 -0.546432 0.795180
v -0.405008 -0.496426 0.767808
v -0.531941 -0.437775 0.724839
v -0.638453 -0.375687 0.671742
v -0.771771 -0.206139 0.624228
v -0.812729 -0.080683 0.599695
v -0.840673 0.057628 0.538469
v -0.850648 0.201072 0.485766
v -0.840673 0.339799 0.421670
v -0.812729 0.464900 0.351196
v -0.771771 0.570994 0.279885
v -0.638452 0.740542 0.209705
v -0.531941 0.821993 0.203387
v -0.405008 0.893855 0.192333
v -0.262869 0.948577 0.176355
v -0.114564 1.027385 0.156240
v 0.029639 1.036925 0.133599
v 0.161978 1.036255 0.110299
v 0.377183 0.915934 0.137105
v 0.483971 0.854195 0.190058
v 0.590366 0.769423 0.243838
v 0.688189 0.663055 0.294538
v 0.693467 0.538179 0.586051
v 0.761531 0.401853 0.613202
v 0.562002 0.578280 0.673678
v 0.036848 0.274943 0.960754
v 0.077607 0.149506 0.985710
v 0.120413 0.009803 0.992676
v 0.162456 -0.136643 0.977209
v 0.200688 -0.279885 0.938823
v 0.232822 -0.410612 0.881585
v 0.257937 -0.522892 0.812436
v 0.643056 0.443828 0.706210
v 0.506648 0.476071 0.784105
v 0.252151 0.740600 0.708472
v 0.525730 0.325338 0.785979
v 0.389673 0.352226 0.864317
v 0.251147 0.370200 0.907740
v 0.119245 0.379729 0.917380
v -0.096471 0.314968 0.966854
v -0.203181 0.233805 0.973484
v -0.315251 0.140599 0.961203
v -0.425323 0.039821 0.904165
v -0.525420 -0.061891 0.848589
v -0.609547 -0.157714 0.776904
v -0.675300 -0.242714 0.719130
v -0.096471 0.444489 0.890574
v 0.204534 0.637879 0.816311
v 0.155487 0.529212 0.899671
v 0.151745 0.830664 0.636342
v -0.525420 0.643535 0.579261
v -0.609547 0.660661 0.460823
v -0.675300 0.663941 0.321173
v 0.036848 0.484515 0.874007
v 0.109702 0.737992 0.750786
v 0.066896 0.634236 0.844595
v 0.162456 0.787321 0.594755
v 0.200688 0.861529 0.466361
v 0.232822 0.913558 0.333475
v 0.257937 0.944119 0.205200
v 0.166198 0.485870 0.858085
v 0.307167 0.477636 0.823111
v 0.215245 0.594536 0.774724
v 0.451375 0.457522 0.766116
v 0.361800 0.584960 0.725894
v 0.262862 0.697258 0.666885
v 0.026137 0.527857 0.915594
v 0.506729 0.559731 0.655689
v 0.409951 0.682805 0.604746
v 0.305014 0.784884 0.539374
v -0.536130 0.686878 0.598181
v -0.436033 0.654200 0.709385
v 0.550008 0.649701 0.524767
v 0.447209 0.762509 0.467529
v 0.338569 0.850904 0.401664
v -0.325962 0.607196 0.804926
v -0.213892 0.549937 0.879489
v -0.107181 0.487832 0.932161
v 0.577830 0.720400 0.383583
v 0.471599 0.819461 0.325697
v 0.362366 0.893668 0.264666
v -0.541578 -0.074886 0.905972
v -0.441481 0.026826 0.961548
v 0.581003 0.343887 0.803968
v 0.704729 0.309370 0.720577
v 0.808715 0.270021 0.625515
v 0.889989 0.229161 0.526803
v 0.058250 0.858965 0.508710
v 0.886324 0.431351 0.390748
v 0.825145 0.559687 0.356319
v 0.743463 0.681604 0.312527
v 0.097915 0.923151 0.371759
v -0.052790 0.912615 0.405397
v -0.901217 0.346917 0.424235
v -0.911192 0.208189 0.488330
v -0.497009 0.744542 0.445690
v 0.132684 0.962622 0.236124
v -0.009708 0.963955 0.265887
v -0.162463 0.942646 0.291591
v -0.314971 0.896859 0.310543
v -0.455902 0.829998 0.321336
v -0.577066 0.749539 0.324325
v -0.205432 0.374301 0.926933
v -0.322868 0.432984 0.841594
v -0.322868 0.288490 0.924071
v -0.441423 0.485818 0.754405
v -0.447210 0.342081 0.849095
v -0.441423 0.189492 0.899730
v -0.551779 0.527657 0.668514
v -0.566539 0.389645 0.748759
v -0.566539 0.237519 0.811729
v -0.551779 0.083167 0.852500
v -0.645740 0.555394 0.546650
v -0.670817 0.426857 0.629131
v -0.679848 0.280477 0.700266
v -0.670817 0.126645 0.753397
v -0.645740 -0.022584 0.763224
v -0.719015 0.569015 0.421715
v -0.753363 0.451702 0.500588
v -0.772492 0.315008 0.551385
v -0.772492 0.166845 0.612714
v -0.753363 0.018218 0.657352
v -0.719015 -0.120519 0.707132
v -0.063483 0.193779 1.001656
v -0.174138 0.099345 1.002364
v -0.025408 0.054692 0.998180
v -0.288916 -0.004457 0.957344
v -0.138197 -0.050902 0.989096
v 0.016098 -0.096029 0.995248
v 0.185344 -0.658943 0.807131
v 0.507850 -0.513081 0.774151
v 0.825145 -0.125161 0.639796
v 0.058250 -0.248140 0.966971
v -0.497009 -0.211731 0.841517
v 0.886324 -0.010037 0.573451
v 0.926838 0.096189 0.502083
v -0.052790 -0.359113 0.931800
v 0.097915 -0.390341 0.915449
v -0.577066 -0.301042 0.759189
v -0.455902 -0.360076 0.813940
v -0.314971 -0.415005 0.853560
v -0.162463 -0.460792 0.872512
v -0.009708 -0.494033 0.869389
v 0.132684 -0.514125 0.847390
v 0.166198 0.262731 0.963829
v 0.215245 0.126939 0.981656
v 0.307167 0.243838 0.933268
v 0.262862 -0.021948 0.964584
v 0.361800 0.099203 0.940344
v 0.451375 0.217787 0.878731
v 0.305014 -0.174059 0.936307
v 0.409951 -0.055641 0.910409
v 0.506729 0.067433 0.859464
v 0.587783 0.185544 0.787455
v 0.338569 -0.318094 0.885544
v 0.447209 -0.209008 0.869666
v 0.550008 -0.088747 0.830431
v 0.638194 0.033871 0.769130
v 0.167301 1.037889 -0.142825
v 0.362366 -0.445172 0.818848
v 0.471599 -0.349540 0.809578
v 0.577830 -0.238547 0.780517
v 0.672087 -0.118679 0.730900
v 0.092362 1.021867 -0.267429
v 0.012086 0.983023 -0.391932
v 0.448093 0.953592 -0.107932
v 0.366495 0.994141 -0.009356
v -0.921241 0.512361 0.065247
v -0.975642 0.409511 -0.023416
v -1.011602 0.292637 -0.115620
v -1.025255 0.169067 -0.205051
v 0.892805 0.416197 -0.172275
v 0.846660 0.527909 -0.066932
v 0.776630 0.628486 0.043019
v 0.688190 0.710069 0.148985
v 0.845290 0.427260 -0.320833
v 0.809019 0.543095 -0.224802
v 0.749882 0.650985 -0.117877
v 0.670821 0.741578 -0.007820
v 0.579226 0.809386 0.096908
v 0.782501 0.428174 -0.452061
v 0.753368 0.544161 -0.369222
v 0.704293 0.655937 -0.271510
v 0.636088 0.753895 -0.164423
v 0.553820 0.830757 -0.055916
v 0.465085 0.884054 0.046308
v 0.093964 0.995624 0.000125
v 0.016213 0.992309 -0.122787
v -0.047904 0.965335 -0.251944
v -0.138198 1.048995 -0.108355
v -0.204615 1.042638 0.038039
v -0.152509 0.913164 -0.377984
v -0.226618 0.944148 -0.239225
v -0.296648 0.950703 -0.090355
v -0.357124 0.932317 0.056991
v -0.230948 0.839672 -0.491542
v -0.309016 0.878750 -0.363739
v -0.383207 0.897137 -0.219766
v -0.447215 0.891687 -0.069954
v -0.497012 0.864577 0.074063
v -0.298885 0.752828 -0.586445
v -0.379680 0.795020 -0.473060
v -0.457527 0.821593 -0.340080
v -0.525732 0.827977 -0.195088
v -0.579229 0.813700 -0.048855
v -0.616302 0.782541 0.088326
v -0.845982 0.490445 0.209232
v -1.017170 0.047459 -0.285949
v -0.886396 0.369379 0.279037
v -0.467201 0.730778 -0.606689
v -0.711372 -0.585741 0.513807
v -0.670053 -0.697374 0.428779
v -0.611999 -0.799419 0.330437
v -0.540159 -0.883931 0.224836
v -0.460220 -0.946451 0.119480
v -0.908902 0.082431 0.408781
v -1.017170 -0.225332 -0.173033
v -1.025255 -0.254189 -0.029854
v -1.011602 -0.278402 0.120749
v -0.947213 -0.044397 0.317516
v -0.886395 -0.064105 0.458469
v -0.967222 -0.097118 -0.234625
v 0.459885 -0.745535 0.598555
v 0.539824 -0.775767 0.479833
v -0.961008 -0.170075 0.218034
v -0.911803 -0.187232 0.365458
v -0.845982 -0.199090 0.517317
v -0.616302 -0.491185 0.615556
v -0.579229 -0.610182 0.540528
v -0.497012 -0.559302 0.663445
v 0.611664 -0.790613 0.345397
v -0.447216 -0.680266 0.580720
v -0.357124 -0.619290 0.699244
v -0.179429 -1.030748 0.154373
v -0.104490 -1.014726 0.278976
v -0.296649 -0.736436 0.607998
v -0.204616 -0.665077 0.718196
v -0.024214 -0.975882 0.403480
v 0.056062 -0.915368 0.519013
v 0.179094 -0.829833 0.633448
v -0.138199 -0.773039 0.619122
v -0.050817 -0.693260 0.718894
v -0.298885 -0.947066 0.117188
v 0.244967 -0.744577 0.713518
v 1.036484 0.250998 0.208731
v -0.068206 -0.860993 0.504023
v 0.015699 -0.788792 0.614460
v 0.093451 -0.704268 0.703757
v 1.286787 0.378245 0.094264
v 0.553820 -0.627240 0.547589
v 0.579226 -0.504112 0.640600
v 0.636088 -0.649553 0.416501
v 0.670820 -0.530159 0.518586
v 0.688190 -0.397043 0.607248
v 0.704293 -0.655937 0.271509
v 0.749882 -0.543853 0.376698
v 0.776630 -0.414221 0.474623
v 0.782446 -0.277175 0.557631
v 0.753368 -0.645920 0.123384
v 0.809019 -0.543096 0.224800
v 0.846659 -0.420777 0.325752
v 0.861804 -0.287278 0.418049
v 0.854992 -0.153411 0.495433
v 0.782501 -0.622412 -0.017195
v 0.845289 -0.529019 0.074995
v 0.892805 -0.416199 0.172274
v 0.918856 -0.289945 0.267648
v 0.921508 -0.159638 0.354032
v 0.903740 -0.034846 0.426661
v 1.002673 0.332677 -0.165972
v 0.379681 0.896779 -0.227222
v 0.970372 0.321585 -0.248027
v 0.457527 0.821593 -0.340080
v 0.309017 0.878750 -0.363739
v 0.152509 0.913164 -0.377984
v 0.525732 0.723635 -0.447167
v 0.383207 0.790003 -0.478588
v 0.226619 0.837014 -0.498047
v 0.068205 0.860993 -0.504023
v 0.596175 0.610182 -0.540529
v 0.447216 0.680266 -0.580721
v 0.138199 0.773039 -0.619122
v -0.015699 0.788792 -0.614460
v 0.633248 0.491184 -0.615556
v 0.513958 0.559302 -0.663446
v -0.093451 0.704267 -0.703757
v -0.782501 0.622412 0.017195
v -0.787445 0.645920 -0.123385
v -0.845290 0.529018 -0.074997
v -0.738369 0.655937 -0.271510
v -0.843095 0.543096 -0.224802
v -0.926882 0.416198 -0.172276
v -0.670164 0.649553 -0.416502
v -0.783958 0.543853 -0.376700
v -0.880735 0.420777 -0.325755
v -0.952933 0.289944 -0.267650
v -0.553819 0.627240 -0.547589
v -0.670819 0.530159 -0.518588
v -0.810705 0.414221 -0.474625
v -0.895880 0.287278 -0.418051
v -0.955584 0.159637 -0.354034
v 0.915971 0.331683 -0.383442
v 1.011899 -0.021792 0.306502
v 0.986461 0.090608 0.375335
v -0.782445 0.277176 -0.557632
v -0.889068 0.153412 -0.495434
v -0.937816 0.034846 -0.426663
v -0.782501 -0.428174 0.452061
v -0.845290 -0.427260 0.320833
v -0.753368 -0.544161 0.369222
v -0.892805 -0.416198 0.172276
v -0.809018 -0.543096 0.224802
v -0.515166 0.498324 -0.782284
v -0.918856 -0.394286 0.015572
v -0.846659 -0.527910 0.066933
v -0.749881 -0.650986 0.117877
v -0.621560 0.400341 -0.760418
v -0.921508 -0.363153 -0.137636
v -0.861803 -0.498698 -0.092714
v -0.776629 -0.628488 -0.043019
v -0.670819 -0.741580 0.007820
v -0.553819 -0.830758 0.055916
v -0.903739 -0.326201 -0.277215
v -0.854991 -0.458685 -0.242071
v -0.782445 -0.590201 -0.198601
v -0.688189 -0.710071 -0.148984
v -0.579224 -0.809388 -0.096907
v -0.465084 -0.884055 -0.046307
v -0.719383 0.289258 -0.721109
v 0.230948 -0.839672 0.491542
v -0.264016 0.438958 -0.925701
v 0.152509 -0.913164 0.377984
v 0.309017 -0.878750 0.363739
v -0.289131 0.551238 -0.856552
v 0.068206 -0.965335 0.251944
v 0.226619 -0.944148 0.239225
v 0.383207 -0.897137 0.219766
v 0.525732 -0.827977 0.195088
v -0.015699 -0.992309 0.122787
v 0.138199 -0.984459 0.108355
v 0.296648 -0.950703 0.090354
v 0.447216 -0.891686 0.069953
v 0.579229 -0.813699 0.048855
v -0.093451 -0.995624 -0.000126
v 0.050817 -0.998534 -0.018614
v 0.204615 -0.978103 -0.038039
v 0.357124 -0.932317 -0.056992
v 0.497012 -0.864577 -0.074063
v 0.616302 -0.782541 -0.088327
v -0.867387 -0.454602 -0.398355
v 0.988023 -0.021368 0.152822
v -0.806209 -0.582938 -0.363927
v 0.987059 -0.148164 0.061329
v -0.724526 -0.704856 -0.320135
v -0.626703 -0.811223 -0.269435
v 0.961008 -0.274417 -0.034045
v 0.986715 -0.129630 -0.097926
v -0.520308 -0.895996 -0.215654
v 0.633095 0.129330 -0.825510
v 0.911804 -0.390748 -0.126215
v 0.947213 -0.255816 -0.193249
v 0.959966 -0.107133 -0.258821
v 0.947213 0.044397 -0.317516
v 0.911804 0.187232 -0.365456
v 0.845982 -0.490445 -0.209232
v 0.886396 -0.369379 -0.279037
v 0.908902 -0.230595 -0.347452
v 0.908902 -0.082431 -0.408781
v 0.886396 0.064105 -0.458469
v 0.845982 0.199089 -0.494649
v 0.594012 0.301043 -0.759189
v 0.513955 0.211732 -0.841517
v 0.472849 0.360077 -0.813940
v 0.399272 0.110783 -0.910115
v 0.378750 0.266341 -0.893398
v 0.331917 0.415006 -0.853559
v 0.288916 0.004458 -0.957344
v 0.253366 0.160758 -0.953920
v 0.210087 0.316938 -0.924885
v 0.174138 -0.099343 -0.979697
v 0.138197 0.050904 -0.989096
v 0.096779 0.207770 -0.973378
v 0.052789 0.359115 -0.954823
v 0.009708 0.494034 -0.892412
v 0.063482 -0.193777 -0.978989
v 0.025407 -0.054690 -0.998180
v -0.016099 0.096032 -1.018271
v -0.058250 0.248143 -0.989994
v -0.097915 0.390343 -0.938471
v -0.132684 0.514126 -0.870413
v 0.548968 0.033507 -0.897196
v -0.338569 0.318093 -0.885544
v 0.448871 -0.068206 -0.952772
v -0.305014 0.174059 -0.959330
v -0.447211 0.209007 -0.869666
v -0.577832 0.238545 -0.780517
v -0.262862 0.021948 -0.987607
v -0.409952 0.055641 -0.933432
v -0.550010 0.088746 -0.830430
v -0.706165 0.118677 -0.730899
v -0.215245 -0.126939 -0.991298
v -0.361801 -0.099203 -0.949985
v -0.506730 -0.067433 -0.882487
v -0.672271 -0.033872 -0.769130
v -0.781444 -0.001161 -0.664410
v -0.166198 -0.262731 -0.950447
v -0.307168 -0.243838 -0.942910
v -0.451376 -0.217787 -0.888372
v -0.587784 -0.185544 -0.787454
v -0.740335 -0.149505 -0.691988
v -0.835099 -0.112677 -0.587935
v -0.801022 -0.335816 -0.495572
v -0.706258 -0.383303 -0.595212
v -0.747367 -0.468759 -0.470859
v -0.587784 -0.425279 -0.688221
v -0.638195 -0.519629 -0.568061
v 0.338799 -0.168984 -0.987142
v -0.451375 -0.457522 -0.766116
v -0.506730 -0.559731 -0.655688
v 0.226729 -0.262189 -0.999423
v 0.120019 -0.343353 -0.992793
v -0.307168 -0.477637 -0.823110
v -0.361801 -0.584961 -0.725893
v 0.698848 -0.692325 -0.369780
v 0.633095 -0.689045 -0.486762
v -0.471601 -0.819460 -0.325696
v -0.166198 -0.485871 -0.858084
v -0.215246 -0.594537 -0.774722
v -0.262863 -0.697259 -0.666883
v -0.305015 -0.784885 -0.539372
v -0.338569 -0.850904 -0.401662
v -0.362367 -0.893668 -0.264665
v 0.719015 0.120519 -0.684465
v 0.753363 -0.018218 -0.657352
v 0.548968 -0.671919 -0.605201
v 0.772493 -0.166845 -0.612714
v 0.448871 -0.639242 -0.716404
v 0.338799 -0.592238 -0.811946
v 0.772493 -0.315008 -0.551385
v 0.226729 -0.534979 -0.886508
v 0.120019 -0.472874 -0.939181
v -0.054058 -0.619278 -0.851615
v 0.753364 -0.451702 -0.477920
v -0.096864 -0.723034 -0.757806
v 0.281815 -0.565995 0.848418
v 0.926838 0.305761 0.415335
v 0.173551 1.039746 0.100825
v 0.719016 -0.569015 -0.399047
v 0.401061 -0.594182 0.780324
v 0.288474 1.016070 0.078407
v 0.233175 1.034165 -0.025924
v -0.385603 0.689795 -0.705085
v 0.300266 -0.658038 0.774538
v -0.132684 -0.962622 -0.236124
v -0.097915 -0.923151 -0.371758
v 0.009709 -0.963955 -0.265887
v -0.058249 -0.858965 -0.508709
v 0.052790 -0.912616 -0.405396
v 0.162463 -0.942646 -0.291590
v -0.016097 -0.771340 -0.636220
v 0.096780 -0.834932 -0.541776
v 0.210089 -0.877892 -0.430313
v 0.314971 -0.896859 -0.310542
v 0.378288 -0.704552 0.696951
v 0.949699 0.189590 0.431204
v 0.986461 0.220129 0.321723
v -0.307582 0.643281 -0.782672
v 0.455903 -0.829998 -0.321335
v -0.408377 0.579425 -0.788458
v -0.013300 -0.303328 -1.009361
v -0.095697 -0.408113 -0.965987
v 0.023548 -0.410842 -0.972580
v -0.013300 -0.512899 -0.922614
v 0.577067 -0.749539 -0.324324
v -0.119245 -0.379729 -0.917380
v -0.036848 -0.274943 -0.960754
v -0.276388 0.614934 -0.738556
v -0.354409 0.661448 -0.660969
v 0.276388 0.978582 0.087882
v 0.161465 0.980695 0.110299
v 0.257937 -0.522892 0.812436
v -0.120413 -0.694649 -0.709199
v 0.675300 -0.663941 -0.321173
v 0.609547 0.157714 -0.776904
v -0.483971 -0.854195 -0.190058
v -0.831051 -0.412802 -0.372759
v -0.257937 0.522892 -0.812436
v -0.232822 0.410612 -0.881585
v -0.688189 0.260912 -0.676994
v 0.931188 0.072059 0.357346
v 0.956626 -0.040341 0.288513
v 0.860698 0.313134 -0.401431
v 0.221089 -0.701473 0.677536
v 0.155215 -0.786729 0.597466
v 0.080276 -0.863459 0.497991
v -0.155215 -0.978839 0.133351
v 0.587786 -0.747510 0.309415
v 0.515946 -0.732664 0.443851
v -0.951058 -0.285519 0.118184
v -0.956626 -0.232449 -0.175598
v -0.436007 -0.894541 0.098458
v -0.687159 -0.533831 0.492785
v -0.436007 0.702431 -0.562573
v -0.956626 0.040341 -0.288513
v -0.860698 0.505243 0.062682
v 0.354409 1.005498 -0.008035
v 0.436007 0.943387 -0.106611
v 0.006057 0.982649 -0.382458
v 0.871565 0.077640 0.484094
v 0.831051 -0.028586 0.555462
v 0.769872 -0.143710 0.621807
v 0.483971 -0.469977 0.738169
v 0.161465 -0.615840 0.771149
v -0.850648 0.201072 0.485766
v -0.840673 0.339799 0.421670
v 0.688189 0.663055 0.294538
v 0.525730 0.325338 0.785979
v -0.425323 0.039821 0.904165
v -0.525420 -0.061891 0.848589
v -0.096471 0.444489 0.890574
v -0.525420 0.643535 0.556594
v 0.036848 0.484515 0.874007
v 0.162456 0.787321 0.594755
v 0.166198 0.485870 0.858085
v 0.215245 0.594536 0.774724
v 0.262862 0.697258 0.666885
v 0.451375 0.457522 0.766116
v 0.506729 0.559731 0.655689
v 0.550008 0.649701 0.524767
v 0.577830 0.720400 0.383583
v 0.058250 0.858965 0.508710
v -0.052790 0.912615 0.405397
v -0.497009 0.744542 0.445690
v -0.162463 0.942646 0.291591
v -0.314971 0.896859 0.310543
v -0.455902 0.829998 0.321336
v -0.205432 0.374301 0.904266
v -0.322868 0.432984 0.841594
v -0.441423 0.485818 0.754405
v -0.551779 0.527657 0.645846
v -0.288916 -0.004457 0.957344
v -0.138197 -0.050902 0.989096
v 0.016098 -0.096029 0.995248
v 0.058250 -0.248140 0.966971
v -0.497009 -0.211731 0.841517
v -0.052790 -0.359113 0.931800
v -0.455902 -0.360076 0.813940
v -0.314971 -0.415005 0.853560
v -0.162463 -0.460792 0.872512
v 0.587783 0.185544 0.787455
v 0.638194 0.033871 0.769130
v 0.362366 -0.445172 0.818848
v 0.672087 -0.118679 0.730900
v 0.892805 0.416197 -0.172275
v 0.846660 0.527909 -0.066932
v 0.776630 0.628486 0.043019
v 0.688190 0.710069 0.148985
v 0.845290 0.427260 -0.320833
v 0.093451 0.995624 0.000125
v 0.015700 0.992309 -0.122787
v -0.048417 1.007120 -0.251944
v -0.845982 0.490445 0.209232
v -0.886396 0.369379 0.279037
v -0.908902 0.082431 0.408781
v -0.947213 -0.044397 0.317516
v -0.967222 -0.097118 -0.234625
v -0.961008 -0.170075 0.218034
v -0.579229 -0.610182 0.540528
v -0.447216 -0.680266 0.580720
v -0.296649 -0.736436 0.607998
v -0.138199 -0.773039 0.619122
v -0.298885 -0.947066 0.117188
v -0.068206 -0.860993 0.504023
v 0.553820 -0.627240 0.547589
v 0.579226 -0.504112 0.640600
v 0.379681 0.954747 -0.227222
v 0.158566 0.930056 -0.377984
v 0.309017 0.936718 -0.363739
v -0.845290 0.529018 -0.074997
v -0.892805 0.416198 -0.172276
v -0.918856 0.289944 -0.267650
v -0.921507 0.159637 -0.354034
v -0.553819 0.627240 -0.547589
v -0.670819 0.530159 -0.518588
v -0.776628 0.414221 -0.474625
v -0.782445 0.277176 -0.557632
v -0.753368 -0.544161 0.369222
v -0.809018 -0.543096 0.224802
v -0.918856 -0.394286 0.015572
v -0.749881 -0.650986 0.117877
v -0.553819 -0.830758 0.055916
v -0.921508 -0.363153 -0.137636
v -0.670819 -0.741580 0.007820
v -0.854991 -0.458685 -0.242071
v -0.782445 -0.590201 -0.198601
v -0.688189 -0.710071 -0.148984
v -0.579224 -0.809388 -0.096907
v 0.230948 -0.839672 0.491542
v 0.152509 -0.913164 0.377984
v 0.309017 -0.878750 0.363739
v 0.068206 -0.965335 0.251944
v 0.383207 -0.897137 0.219766
v 0.525732 -0.827977 0.195088
v -0.015699 -0.992309 0.122787
v 0.988023 -0.021368 0.152822
v 0.987059 -0.148164 0.061329
v 0.986715 -0.129630 -0.097926
v 0.911804 0.187232 -0.365456
v 0.959966 -0.107133 -0.258821
v 0.947213 0.044397 -0.317516
v 0.886396 0.064105 -0.458469
v 0.497009 0.211732 -0.841517
v 0.399272 0.110783 -0.910115
v 0.288916 0.004458 -0.957344
v 0.174138 -0.099343 -0.979697
v 0.063482 -0.193777 -0.978989
v -0.338569 0.318093 -0.885544
v -0.577832 0.238545 -0.780517
v -0.447211 0.209007 -0.869666
v -0.747367 -0.468759 -0.470859
v -0.638195 -0.519629 -0.568061
v -0.506730 -0.559731 -0.655688
v -0.471601 -0.819460 -0.325696
v -0.361801 -0.584961 -0.725893
v -0.166198 -0.485871 -0.858084
v -0.215246 -0.594537 -0.774722
v -0.262863 -0.697259 -0.666883
v -0.305015 -0.784885 -0.539372
v -0.338569 -0.850904 -0.401662
v 0.719015 0.120519 -0.684465
v 0.753363 -0.018218 -0.657352
v 0.772493 -0.166845 -0.612714
v 0.772493 -0.315008 -0.551385
v 0.753364 -0.451702 -0.477920
v 0.719016 -0.569015 -0.399047
v -0.016097 -0.771340 -0.636220
v 0.096780 -0.834932 -0.541776
v 0.210089 -0.877892 -0.430313
v 0.314971 -0.896859 -0.310542
v 0.455903 -0.829998 -0.321335
v 0.577067 -0.749539 -0.324324
v 0.693467 0.052420 0.787119
v 0.856295 0.131226 0.605925
v 0.386244 -0.488276 0.854830
v 0.727360 -0.100130 0.748889
v 0.802639 0.019709 0.682401
v 0.959013 0.344749 0.295204
v 0.910265 0.477232 0.260060
v 0.989585 0.403929 0.179559
v 0.837720 0.608748 0.216591
v 0.977202 0.468384 0.005387
v 0.917077 0.517245 0.110704
v 0.948079 0.434746 -0.154286
v 0.901933 0.546457 -0.048943
v 0.831903 0.647035 0.061008
v 0.743464 0.728617 0.166974
v 0.900563 0.445808 -0.302844
v 0.105537 1.054674 -0.009349
v 0.040447 1.051359 -0.132261
v -0.043458 1.024386 -0.261419
v -0.906526 0.497563 0.211796
v -0.946939 0.376497 0.281602
v -0.972347 0.397866 0.128779
v -0.969446 0.237712 0.350016
v -1.021552 0.281534 0.036610
v -1.007757 0.262934 0.195814
v -1.047603 0.155281 -0.058764
v -1.047259 0.136748 0.100490
v -1.020510 0.114251 0.261385
v -0.969446 0.089548 0.411345
v -1.048567 0.028486 -0.150258
v -1.060544 0.007118 0.002565
v -1.047259 -0.015380 0.163460
v -1.007757 -0.037279 0.320081
v -1.027766 -0.090000 -0.232061
v -1.048567 -0.116009 -0.090446
v -1.047603 -0.141046 0.063895
v -1.021551 -0.162957 0.220599
v -0.603443 -0.662092 0.561550
v -0.549946 -0.775544 0.468188
v -0.471429 -0.732175 0.601742
v -0.481741 -0.873502 0.361101
v -0.407421 -0.841913 0.499609
v -0.320862 -0.788345 0.629020
v -0.403894 -0.948688 0.248244
v -0.333231 -0.930660 0.384760
v -0.250832 -0.888924 0.519068
v -0.162413 -0.824948 0.640143
v -0.323099 -0.998975 0.138210
v -0.255162 -0.993340 0.266727
v -0.176723 -0.965074 0.399005
v -0.092419 -0.912902 0.525045
v 0.488963 -0.635801 0.693557
v 0.577698 -0.670344 0.583571
v 0.603104 -0.547215 0.676582
v 0.335561 1.266857 -0.184495
v 0.243034 1.000481 -0.255179
v 0.391767 0.955829 -0.236697
v 0.164595 0.972215 -0.387458
v 0.321103 0.937801 -0.373213
v -0.905834 0.536136 -0.072432
v -0.953349 0.423315 -0.169711
v -0.979400 0.297062 -0.265085
v -0.982051 0.166755 -0.351469
v -0.585013 0.655587 -0.591705
v -0.702013 0.558506 -0.562703
v -0.807823 0.442568 -0.518740
v -0.496278 0.621045 -0.701691
v -0.610418 0.532459 -0.684717
v -0.719383 0.425391 -0.651365
v -0.813639 0.305522 -0.601748
v -0.777582 -0.596071 0.390244
v -0.728506 -0.707847 0.292532
v -0.833232 -0.595005 0.245824
v -0.660301 -0.805804 0.185445
v -0.979400 -0.387168 0.018136
v -0.774095 -0.702896 0.138899
v -0.578032 -0.882667 0.076938
v -0.982051 -0.356035 -0.135072
v -0.695033 -0.793489 0.028842
v -0.891328 -0.500485 -0.267667
v -0.818782 -0.632002 -0.224197
v -0.724525 -0.751871 -0.174581
v -0.615561 -0.851188 -0.122504
v 0.322764 -0.795932 0.622426
v 0.403559 -0.838124 0.509041
v 0.254827 -0.882776 0.527524
v 0.481406 -0.864696 0.376062
v 0.128295 -0.965074 0.399006
v 0.332896 -0.921854 0.399721
v 0.043992 -1.017245 0.272966
v 0.407086 -0.940241 0.255747
v 0.549611 -0.871081 0.231070
v -0.039913 -1.044218 0.143809
v 1.022495 0.115667 0.252615
v 1.067881 0.121115 0.126146
v 1.043296 -0.002819 0.170811
v 1.048406 0.141439 -0.088152
v 1.042333 -0.129615 0.079318
v 1.055273 0.018549 0.017989
v 1.016281 0.188624 -0.200043
v 1.041988 -0.111081 -0.079937
v 1.041988 0.041046 -0.142906
v 0.967077 0.205781 -0.347467
v 1.015239 -0.088584 -0.240832
v 1.002486 0.062946 -0.299527
v 0.941669 0.082654 -0.440480
v 0.520557 0.183347 -0.890124
v 0.422820 0.082399 -0.958721
v 0.312464 -0.023926 -1.005951
v 0.197686 -0.127728 -1.028304
v 0.087030 -0.222162 -1.027596
v -0.393561 0.473518 -0.862964
v -0.502795 0.377885 -0.853693
v -0.369764 0.346440 -0.929659
v -0.609026 0.266892 -0.824632
v -0.478405 0.237353 -0.913782
v -0.783704 -0.510559 -0.496455
v -0.708425 -0.642330 -0.458795
v -0.674531 -0.561429 -0.593657
v -0.614169 -0.762199 -0.409179
v -0.543067 -0.601531 -0.681284
v -0.586346 -0.691500 -0.550362
v -0.507937 -0.861260 -0.351293
v -0.398138 -0.626761 -0.751490
v -0.446289 -0.724606 -0.630341
v -0.483547 -0.804310 -0.493124
v -0.142650 -0.514255 -0.906690
v -0.191698 -0.622922 -0.823329
v -0.299200 -0.739059 -0.692479
v -0.341351 -0.826685 -0.564968
v -0.374906 -0.892705 -0.427258
v 0.742564 0.092135 -0.733071
v 0.669288 -0.005800 -0.811830
v 0.776912 -0.046603 -0.705959
v 0.575328 -0.111552 -0.878439
v 0.796041 -0.195229 -0.661321
v 0.694365 -0.155029 -0.779336
v 0.464971 -0.217876 -0.925669
v 0.796041 -0.343393 -0.599991
v 0.703397 -0.308861 -0.726204
v 0.590088 -0.265903 -0.837668
v 0.346417 -0.316875 -0.950010
v 0.776912 -0.480087 -0.526527
v 0.694366 -0.455241 -0.655070
v 0.590089 -0.418030 -0.774698
v 0.470759 -0.370466 -0.875034
v 0.228981 -0.402685 -0.952872
v 0.742564 -0.597399 -0.447654
v 0.669289 -0.583779 -0.572588
v 0.575329 -0.556042 -0.694451
v 0.464973 -0.514203 -0.803010
v 0.346418 -0.461369 -0.890200
v 0.007451 -0.799724 -0.684827
v 0.120328 -0.863317 -0.590383
v 0.233637 -0.906276 -0.478919
v 0.338520 -0.925244 -0.359149
v 0.048957 -0.695168 -0.793425
v 0.161747 -0.763451 -0.712368
v 0.276916 -0.816306 -0.609841
v 0.385353 -0.848227 -0.492403
v 0.479451 -0.858382 -0.369941
v 0.087032 -0.583207 -0.878149
v 0.197688 -0.650516 -0.811907
v 0.312466 -0.708152 -0.722730
v 0.422822 -0.749992 -0.614171
v 0.520559 -0.772926 -0.494295
v 0.600615 -0.777923 -0.372931
v -0.021098 0.631995 -0.825442
v 0.123106 0.609245 -0.834717
v 0.271411 0.572054 -0.825995
v 0.413550 0.522047 -0.798623
v 0.391749 0.815625 -0.509403
v 0.235160 0.862636 -0.528862
v 0.455757 0.705887 -0.611536
v 0.305190 0.762057 -0.638813
v 0.146741 0.798660 -0.649937
v -0.007158 0.814413 -0.645275
v 0.505554 0.584923 -0.694261
v 0.365666 0.644911 -0.730059
v 0.213157 0.690698 -0.749011
v 0.059358 0.718881 -0.749709
v -0.084909 0.729889 -0.734572
v 0.323512 0.440627 -0.884374
v 0.171004 0.486414 -0.903326
v 0.218629 0.342560 -0.955700
v 0.018250 0.519656 -0.900203
v 0.061331 0.384736 -0.962614
v -0.117264 1.052946 0.156366
v 0.026939 1.062486 0.133726
v 0.188892 1.038206 0.095356
v 0.120877 1.053135 -0.014817
v -0.053517 1.070428 0.018740
v 0.043126 1.049820 -0.137730
v -0.040779 1.022846 -0.266887
v -0.140899 1.056353 -0.108229
v -0.207316 1.049997 0.038165
v 0.091263 1.106867 -0.032013
v 0.021030 1.113858 0.079045
v 0.033132 1.104389 -0.123909
v -0.039122 1.119797 -0.006924
v -0.029599 1.084222 -0.220473
v -0.104454 1.109273 -0.101852
v 0.045601 1.211635 -0.061175
v 0.012729 1.214908 -0.009196
v 0.018394 1.210475 -0.104186
v -0.015424 1.217687 -0.049432
v -0.010967 1.201037 -0.149381
v -0.046002 1.212762 -0.093862
v 0.016705 1.311862 -0.083727
v 0.008730 1.312656 -0.071117
v 0.010105 1.311581 -0.094162
v 0.001900 1.313330 -0.080878
v 0.002981 1.309291 -0.105127
v -0.005519 1.312135 -0.091658
v 0.311434 1.195580 -0.194700
v 0.338753 1.187378 -0.191305
v 0.349099 1.186967 -0.167653
v 0.309623 1.201767 -0.152590
v 0.334111 1.194415 -0.149547
v 0.283758 1.199508 -0.196950
v 0.297523 1.202451 -0.174063
v 0.271897 1.204925 -0.172122
v 0.333441 1.266681 -0.188506
v 0.338082 1.265288 -0.187929
v 0.339840 1.265218 -0.183910
v 0.333133 1.267733 -0.181351
v 0.337294 1.266483 -0.180834
v 0.328738 1.267349 -0.188888
v 0.331077 1.267849 -0.184999
v 0.326723 1.268269 -0.184670
v 1.166781 0.368598 0.125315
v 1.164859 0.391157 0.014297
v 1.343477 0.364160 0.069191
v 1.185159 0.294763 0.159297
v 1.181124 0.333218 -0.053582
v 1.207909 0.215545 0.099455
v 1.207211 0.233688 -0.012384
v 1.285928 0.388335 0.044607
v 1.089926 0.135981 0.121943
v 1.298302 0.342880 0.096384
v 1.293275 0.347132 -0.001687
v 1.309292 0.323059 0.070960
v 1.305757 0.318225 0.018084
v 1.343302 0.366209 0.059112
v 1.346319 0.357460 0.062269
v 1.345787 0.355561 0.071689
v 1.345421 0.359053 0.052361
v 1.347852 0.348369 0.066255
v 1.347789 0.350016 0.056101
v 1.073407 0.155962 -0.076223
v 1.030767 0.332762 -0.148278
v 1.006746 0.456226 0.006789
v 1.017482 0.398367 0.171019
v 1.059891 0.257888 0.200948
vn 0.7255 -0.6285 -0.2803
vn 0.7711 -0.6003 -0.2121
vn -0.2121 -0.9756 -0.0568
vn -0.9022 -0.2276 -0.3664
vn 0.7482 0.2628 -0.6092
vn 0.7483 -0.6477 -0.1432
vn -0.2858 -0.9582 -0.0147
vn -0.8390 -0.3814 -0.3881
vn -0.2858 0.6675 -0.6876
vn 0.7776 0.2462 -0.5786
vn -0.5813 -0.4113 0.7021
vn -0.7255 0.6285 0.2803
vn 0.2410 0.8067 0.5395
vn 0.0597 0.4215 0.9049
vn 0.0975 0.4522 0.8866
vn 0.3186 0.4785 0.8183
vn 0.5151 0.4034 0.7562
vn 0.1045 0.4494 0.8872
vn 0.2338 0.5235 0.8193
vn 0.2339 0.5231 0.8195
vn 0.3774 0.5036 0.7771
vn 0.3768 0.5091 0.7738
vn 0.2955 0.5544 0.7781
vn 0.2824 0.6293 0.7241
vn 0.4416 0.5372 0.7186
vn 0.4285 0.6121 0.6646
vn 0.3472 0.6573 0.6689
vn 0.3273 0.7248 0.6063
vn 0.2472 0.7585 0.6030
vn 0.2224 0.8140 0.5367
vn 0.4911 0.6336 0.5978
vn 0.4713 0.7010 0.5352
vn 0.3900 0.7463 0.5394
vn 0.3653 0.8016 0.4733
vn 0.2849 0.8355 0.4699
vn 0.2579 0.8769 0.4057
vn 0.5267 0.7140 0.4613
vn 0.5020 0.7693 0.3952
vn 0.4206 0.8146 0.3994
vn 0.3939 0.8557 0.3355
vn 0.3130 0.8898 0.3321
vn 0.2869 0.9177 0.2748
vn 0.6225 0.7194 0.3082
vn 0.5468 0.7736 0.3204
vn 0.5199 0.8149 0.2561
vn 0.4388 0.8600 0.2603
vn 0.4127 0.8880 0.2029
vn 0.3318 0.9220 0.1995
vn 0.4658 0.7168 0.5189
vn -0.0228 0.4462 0.8946
vn 0.1415 0.8383 0.5266
vn 0.1763 0.9014 0.3956
vn 0.2045 0.9424 0.2646
vn 0.1176 0.8857 0.4492
vn 0.0334 0.9012 0.4321
vn -0.4915 0.7417 0.4564
vn 0.1553 0.9371 0.3125
vn 0.0707 0.9528 0.2954
vn 0.0123 0.9372 0.3487
vn -0.0772 0.9432 0.3233
vn -0.5082 0.7790 0.3673
vn -0.5210 0.7667 0.3752
vn -0.6296 0.7110 0.3131
vn 0.2508 0.8089 0.5318
vn 0.0957 0.8492 0.5193
vn 0.1137 0.8553 0.5056
vn 0.0187 0.8731 0.4872
vn -0.0309 0.8521 0.5225
vn -0.3920 0.8358 0.3845
vn -0.2472 0.9325 0.2634
vn -0.3277 0.9173 0.2263
vn -0.3943 0.8759 0.2780
vn -0.4623 0.8536 0.2401
vn -0.5255 0.8019 0.2843
vn -0.5789 0.7764 0.2491
vn -0.6351 0.7184 0.2838
vn -0.6746 0.6933 0.2535
vn 0.0280 0.5073 0.8613
vn -0.5937 0.6212 0.5115
vn -0.6724 0.6615 0.3321
vn -0.0393 0.5071 0.8610
vn -0.1755 0.3071 0.9354
vn -0.3580 0.4629 0.8109
vn -0.2428 0.3016 0.9220
vn -0.2849 0.2196 0.9331
vn -0.3384 0.5271 0.7795
vn -0.2961 0.4735 0.8295
vn -0.4074 0.2737 0.8713
vn -0.3615 0.2095 0.9085
vn -0.4445 -0.0213 0.8955
vn -0.4117 0.4906 0.7680
vn -0.4255 0.5097 0.7477
vn -0.5297 0.3244 0.7837
vn -0.4875 0.2583 0.8341
vn -0.5222 0.1708 0.8356
vn -0.3822 -0.0137 0.9240
vn -0.4050 -0.0981 0.9090
vn -0.5786 0.5762 0.5772
vn -0.6245 0.5045 0.5963
vn -0.5996 0.4492 0.6624
vn -0.6417 0.3669 0.6735
vn -0.6071 0.3039 0.7342
vn -0.6417 0.2164 0.7358
vn -0.5996 0.1503 0.7861
vn -0.6515 -0.0597 0.7563
vn -0.6017 -0.1306 0.7880
vn -0.5937 -0.0779 0.8009
vn -0.6618 0.5971 0.4533
vn -0.7080 0.5249 0.4725
vn -0.6929 0.4803 0.5378
vn -0.7701 0.3141 0.5552
vn -0.7708 0.3163 0.5530
vn -0.8019 0.2285 0.5520
vn -0.7765 0.1645 0.6082
vn -0.7975 0.0771 0.5984
vn -0.7135 -0.0740 0.6968
vn -0.6802 0.0925 0.7271
vn -0.5517 -0.0636 0.8316
vn -0.5624 -0.1209 0.8180
vn -0.7255 0.6293 0.2787
vn -0.8013 0.5145 0.3052
vn -0.8014 0.4771 0.3606
vn -0.8409 0.3958 0.3691
vn -0.8209 0.2963 0.4881
vn -0.8250 0.2848 0.4881
vn -0.8000 0.2295 0.5544
vn -0.8250 0.1435 0.5466
vn -0.7904 0.0806 0.6072
vn -0.7826 0.1129 0.6122
vn -0.7420 0.0560 0.6680
vn -0.7705 -0.1295 0.6241
vn -0.7244 -0.1942 0.6615
vn -0.7255 -0.2465 0.6425
vn 0.1519 0.3661 0.9181
vn -0.1246 0.2424 0.9621
vn -0.2345 0.1555 0.9596
vn -0.3882 -0.0949 0.9167
vn -0.5433 -0.1421 0.8275
vn -0.4748 -0.2131 0.8539
vn 0.1354 0.3073 0.9419
vn 0.1857 0.2494 0.9504
vn -0.1454 0.1776 0.9733
vn 0.0225 -0.0188 0.9996
vn 0.1143 0.0065 0.9934
vn 0.0584 0.0675 0.9960
vn -0.3006 -0.0799 0.9504
vn -0.2462 -0.1435 0.9585
vn 0.0017 -0.0876 0.9962
vn -0.0495 -0.0330 0.9982
vn 0.0347 -0.0099 0.9993
vn 0.1013 -0.0757 0.9920
vn 0.0764 -0.1617 0.9839
vn 0.1415 -0.2208 0.9650
vn 0.0334 -0.3322 0.9426
vn 0.1176 -0.3091 0.9437
vn 0.1763 -0.3581 0.9169
vn -0.5644 -0.2260 0.7940
vn -0.5082 -0.2915 0.8104
vn -0.0772 -0.4388 0.8953
vn 0.0123 -0.4166 0.9090
vn 0.0707 -0.4653 0.8823
vn 0.1553 -0.4421 0.8834
vn 0.2045 -0.4797 0.8532
vn -0.5428 -0.4114 0.7322
vn -0.5789 -0.3732 0.7250
vn -0.5255 -0.3663 0.7679
vn -0.4623 -0.4342 0.7731
vn -0.3943 -0.4232 0.8158
vn -0.3277 -0.4890 0.8084
vn -0.2472 -0.4735 0.8454
vn -0.1822 -0.5327 0.8265
vn -0.0942 -0.5132 0.8531
vn -0.0356 -0.5623 0.8262
vn 0.0535 -0.5402 0.8399
vn 0.1027 -0.5778 0.8097
vn 0.1874 -0.5546 0.8107
vn 0.0597 0.3414 0.9380
vn -0.0050 0.1935 0.9811
vn 0.0395 0.0618 0.9973
vn 0.1822 -0.0514 0.9819
vn 0.2224 -0.1965 0.9549
vn 0.2579 -0.3336 0.9067
vn 0.2869 -0.4550 0.8430
vn 0.0132 0.3735 0.9275
vn 0.0955 0.4002 0.9114
vn 0.0535 0.1490 0.9874
vn 0.2339 0.2091 0.9495
vn 0.2399 0.2933 0.9254
vn 0.3210 0.3222 0.8906
vn 0.1815 -0.0545 0.9819
vn 0.2668 -0.0251 0.9634
vn 0.2955 0.1577 0.9423
vn 0.3768 0.1867 0.9073
vn 0.3829 0.2704 0.8833
vn 0.5194 0.3232 0.7911
vn 0.2472 -0.1104 0.9626
vn 0.3273 -0.0842 0.9411
vn 0.3284 -0.0798 0.9412
vn 0.4841 -0.0186 0.8748
vn 0.4981 0.0727 0.8641
vn 0.5701 0.1055 0.8148
vn 0.5787 0.2650 0.7713
vn 0.2849 -0.2589 0.9229
vn 0.3653 -0.2326 0.9014
vn 0.3900 -0.1468 0.9091
vn 0.4713 -0.1177 0.8741
vn 0.4911 -0.0258 0.8707
vn 0.5670 0.0040 0.8237
vn 0.5801 0.0951 0.8090
vn 0.3130 -0.3947 0.8638
vn 0.3939 -0.3682 0.8422
vn 0.4206 -0.2940 0.8583
vn 0.5020 -0.2649 0.8233
vn 0.5267 -0.1791 0.8310
vn 0.6026 -0.1493 0.7840
vn 0.6224 -0.0574 0.7806
vn 0.4388 -0.4245 0.7920
vn 0.5199 -0.3955 0.7572
vn 0.5468 -0.3208 0.7734
vn 0.6225 -0.2911 0.7265
vn 0.6472 -0.2050 0.7342
vn 0.7124 -0.1767 0.6791
vn 0.8173 0.3563 -0.4528
vn 0.6587 0.7160 0.2313
vn 0.8529 0.4645 -0.2382
vn 0.8527 0.4987 -0.1553
vn 0.8054 0.5768 -0.1365
vn 0.7947 0.6052 -0.0475
vn 0.7362 0.6762 -0.0278
vn 0.7151 0.6964 0.0607
vn 0.6504 0.7554 0.0797
vn 0.6216 0.7666 0.1614
vn 0.5564 0.8115 0.1785
vn 0.8312 0.3912 -0.3950
vn 0.7973 0.4704 -0.3782
vn 0.8058 0.5066 -0.3068
vn 0.7584 0.5847 -0.2879
vn 0.7583 0.6189 -0.2051
vn 0.6998 0.6899 -0.1854
vn 0.6890 0.7183 -0.0963
vn 0.6243 0.7774 -0.0773
vn 0.6032 0.7975 0.0112
vn 0.5384 0.8422 0.0283
vn 0.5094 0.8534 0.1103
vn 0.4496 0.8845 0.1247
vn 0.8352 0.3441 -0.4290
vn 0.7994 0.4324 -0.4171
vn 0.8100 0.4617 -0.3615
vn 0.7070 0.6234 -0.3340
vn 0.7057 0.6159 -0.3501
vn 0.6473 0.6868 -0.3305
vn 0.6472 0.7211 -0.2474
vn 0.5823 0.7803 -0.2283
vn 0.5716 0.8086 -0.1395
vn 0.7100 0.6819 -0.1760
vn 0.6446 0.7451 0.1711
vn 0.6313 0.7549 0.1777
vn 0.5823 0.7563 0.2982
vn 0.6049 0.7427 0.2873
vn -0.0764 0.9041 -0.4205
vn -0.1544 0.8352 -0.5279
vn -0.2252 0.7538 -0.6173
vn 0.6260 -0.7187 -0.3026
vn 0.7509 -0.4715 -0.4623
vn 0.8412 -0.3549 -0.4079
vn -0.3866 0.8301 0.4017
vn -0.0763 0.9421 -0.3266
vn -0.1328 0.9499 -0.2830
vn -0.1367 0.8161 -0.5615
vn -0.5285 0.8000 -0.2839
vn -0.5326 0.8209 -0.2060
vn -0.5917 0.7932 -0.1439
vn -0.5311 0.7878 0.3120
vn -0.3415 0.9289 0.1431
vn -0.1577 0.8751 -0.4574
vn -0.2313 0.8818 -0.4109
vn -0.2313 0.9159 -0.3280
vn -0.3076 0.9109 -0.2749
vn -0.3035 0.9349 -0.1839
vn -0.3769 0.9174 -0.1276
vn -0.3689 0.9288 -0.0355
vn -0.4338 0.9008 0.0196
vn -0.4228 0.9000 0.1062
vn -0.4763 0.8653 0.1563
vn -0.2306 0.7944 -0.5619
vn -0.3045 0.8012 -0.5151
vn -0.3078 0.8409 -0.4451
vn -0.3842 0.8359 -0.3919
vn -0.3841 0.8700 -0.3090
vn -0.4575 0.8526 -0.2527
vn -0.4533 0.8765 -0.1618
vn -0.5183 0.8485 -0.1068
vn -0.5103 0.8599 -0.0146
vn -0.5634 0.8254 0.0352
vn -0.5524 0.8245 0.1223
vn -0.5930 0.7882 0.1645
vn -0.2919 0.7047 -0.6466
vn -0.3659 0.7115 -0.5998
vn -0.3712 0.7522 -0.5444
vn -0.4473 0.7473 -0.4915
vn -0.4505 0.7873 -0.4210
vn -0.4365 0.7897 -0.4311
vn -0.4360 0.8665 -0.2432
vn -0.4917 0.8508 -0.1853
vn -0.4853 0.8694 -0.0927
vn -0.6208 0.7805 0.0736
vn -0.6302 0.7764 0.0060
vn -0.6708 0.7401 0.0482
vn -0.6598 0.7392 0.1354
vn -0.6886 0.7052 0.1687
vn -0.7711 0.6003 0.2121
vn -0.8401 0.5248 0.1373
vn -0.9805 -0.1887 -0.0542
vn -0.8042 0.5555 0.2114
vn -0.8161 0.5045 0.2819
vn -0.8508 0.4451 0.2794
vn -0.8507 0.3891 0.3534
vn -0.8697 0.1158 0.4797
vn -0.9185 -0.0070 0.3953
vn -0.8829 0.0234 0.4690
vn -0.8850 0.0270 0.4648
vn -0.9446 -0.1336 0.2997
vn -0.9186 -0.0994 0.3825
vn -0.9154 -0.1047 0.3886
vn -0.8878 -0.0674 0.4552
vn -0.8161 -0.1577 0.5560
vn -0.9567 -0.2818 -0.0728
vn -0.9565 -0.1762 -0.2324
vn -0.9462 -0.2545 0.2000
vn -0.9329 -0.2190 0.2859
vn -0.9007 -0.2679 0.3419
vn -0.8937 -0.2578 0.3672
vn -0.8652 -0.2981 0.4033
vn -0.8042 -0.2436 0.5422
vn -0.7711 -0.2748 0.5744
vn -0.6095 -0.5004 0.6149
vn -0.6708 -0.4895 0.5572
vn -0.3659 -0.9273 0.0785
vn -0.6598 -0.4273 0.6182
vn -0.5930 -0.4413 0.6735
vn -0.6302 -0.5450 0.5530
vn -0.5634 -0.5591 0.6083
vn -0.5524 -0.4969 0.6693
vn -0.4763 -0.5017 0.7221
vn -0.5103 -0.6186 0.5974
vn -0.4338 -0.6234 0.6505
vn -0.4228 -0.5617 0.7112
vn -0.3415 -0.5560 0.7578
vn -0.3689 -0.6822 0.6313
vn -0.2874 -0.6765 0.6781
vn -0.2764 -0.6149 0.7386
vn -0.1960 -0.5997 0.7759
vn -0.2140 -0.7287 0.6506
vn -0.1339 -0.7135 0.6878
vn -0.1228 -0.6517 0.7484
vn -0.0495 -0.6298 0.7752
vn -0.0655 -0.8117 0.5804
vn -0.0574 -0.7546 0.6537
vn 0.0155 -0.7328 0.6802
vn 0.0266 -0.6707 0.7412
vn 0.0886 -0.6460 0.7582
vn -0.2919 -0.9556 0.0406
vn -0.2252 -0.9696 0.0960
vn 0.0081 -0.8398 0.5429
vn 0.0815 -0.8179 0.5695
vn 0.0895 -0.7611 0.6425
vn 0.1516 -0.7364 0.6594
vn 0.1628 -0.6742 0.7204
vn 0.5823 -0.7134 0.3899
vn 0.6473 -0.7195 0.2516
vn 0.6972 -0.7082 0.1110
vn 0.7304 -0.6827 -0.0227
vn 0.5564 -0.4479 0.6999
vn 0.5716 -0.6706 0.4728
vn 0.6243 -0.6046 0.4947
vn 0.6032 -0.5562 0.5716
vn 0.6504 -0.4780 0.5903
vn 0.6216 -0.4283 0.6559
vn 0.6587 -0.3431 0.6697
vn 0.6472 -0.6849 0.3346
vn 0.6998 -0.6191 0.3564
vn 0.6890 -0.5763 0.4395
vn 0.7362 -0.4981 0.4583
vn 0.7151 -0.4497 0.5351
vn 0.7523 -0.3644 0.5489
vn 0.7236 -0.3147 0.6143
vn 0.7486 -0.2287 0.6223
vn 0.7057 -0.6832 0.1876
vn 0.7584 -0.6172 0.2095
vn 0.7583 -0.5827 0.2923
vn 0.8054 -0.5046 0.3110
vn 0.7947 -0.4617 0.3941
vn 0.8319 -0.3764 0.4079
vn 0.8108 -0.3280 0.4847
vn 0.8358 -0.2423 0.4927
vn 0.8070 -0.1924 0.5583
vn 0.8201 -0.1125 0.5610
vn 0.7443 -0.6665 0.0428
vn 0.7973 -0.6001 0.0649
vn 0.8058 -0.5752 0.1410
vn 0.8529 -0.4970 0.1598
vn 0.8527 -0.4626 0.2426
vn 0.8899 -0.3773 0.2563
vn 0.8792 -0.3344 0.3394
vn 0.9041 -0.2487 0.3474
vn 0.8831 -0.2003 0.4242
vn 0.8962 -0.1209 0.4269
vn 0.8672 -0.0707 0.4929
vn 0.8708 -0.0019 0.4916
vn 0.7643 -0.6385 -0.0906
vn 0.8173 -0.5721 -0.0685
vn 0.8312 -0.5559 -0.0030
vn 0.8782 -0.4781 0.0157
vn 0.8867 -0.4531 0.0924
vn 0.9238 -0.3679 0.1061
vn 0.9236 -0.3334 0.1891
vn 0.9487 -0.2474 0.1971
vn 0.9379 -0.2047 0.2800
vn 0.9511 -0.1248 0.2826
vn 0.9301 -0.0766 0.3591
vn 0.9338 -0.0078 0.3578
vn 0.9048 0.0424 0.4237
vn 0.4438 0.7656 -0.4657
vn 0.5237 0.8025 -0.2859
vn 0.5888 0.7090 -0.3881
vn 0.6406 0.6481 -0.4118
vn 0.6708 0.4895 -0.5572
vn 0.4505 0.8545 -0.2585
vn 0.3842 0.8684 -0.3135
vn 0.5236 0.7679 -0.3690
vn 0.4575 0.7818 -0.4238
vn 0.3841 0.8339 -0.3963
vn 0.3076 0.8387 -0.4494
vn 0.2313 0.8798 -0.4153
vn 0.1497 0.8741 -0.4620
vn 0.0764 0.9022 -0.4245
vn -0.0040 0.8870 -0.4618
vn 0.5883 0.6993 -0.4059
vn 0.4749 0.7160 -0.5117
vn 0.4533 0.7345 -0.5050
vn 0.1456 0.8268 -0.5433
vn 0.0655 0.8117 -0.5804
vn -0.0081 0.8398 -0.5429
vn -0.0815 0.8179 -0.5695
vn 0.6302 0.5450 -0.5530
vn 0.5634 0.5591 -0.6083
vn 0.4689 0.6601 -0.5869
vn -0.0895 0.7611 -0.6425
vn -0.1516 0.7364 -0.6594
vn 0.6598 0.4273 -0.6182
vn 0.5930 0.4413 -0.6735
vn 0.5524 0.4969 -0.6693
vn 0.4763 0.5017 -0.7221
vn -0.0886 0.6460 -0.7582
vn -0.1628 0.6742 -0.7204
vn -0.2121 0.6500 -0.7297
vn -0.7483 0.6477 0.1432
vn -0.7304 0.6827 0.0227
vn -0.6603 0.7480 0.0672
vn -0.6473 0.7195 -0.2516
vn -0.4828 0.7437 -0.4625
vn -0.5063 0.6904 -0.5167
vn -0.7643 0.6385 0.0906
vn -0.8173 0.5721 0.0685
vn -0.6959 0.7039 0.1422
vn -0.8719 0.4771 0.1104
vn -0.8312 0.5559 0.0030
vn -0.7057 0.6832 -0.1876
vn -0.7584 0.6172 -0.2095
vn -0.8910 0.4531 0.0295
vn -0.8260 0.5622 0.0407
vn -0.6472 0.6849 -0.3346
vn -0.6998 0.6191 -0.3564
vn -0.7583 0.5827 -0.2923
vn -0.8054 0.5046 -0.3110
vn -0.8527 0.4626 -0.2426
vn -0.8899 0.3773 -0.2563
vn -0.4719 0.6987 -0.5377
vn -0.5891 0.5270 -0.6126
vn -0.6569 0.4921 -0.5713
vn -0.6277 0.5475 -0.5534
vn -0.7947 0.4617 -0.3941
vn -0.8319 0.3764 -0.4079
vn -0.8792 0.3344 -0.3394
vn -0.9041 0.2487 -0.3474
vn -0.7484 0.2239 -0.6244
vn -0.7247 0.3168 -0.6119
vn -0.8831 0.2003 -0.4242
vn -0.8962 0.1209 -0.4269
vn -0.9301 0.0766 -0.3591
vn -0.9338 0.0078 -0.3578
vn -0.6918 0.4004 -0.6009
vn -0.7536 0.3795 -0.5367
vn -0.8201 0.1125 -0.5610
vn -0.8672 0.0707 -0.4929
vn -0.8708 0.0019 -0.4916
vn -0.9048 -0.0424 -0.4237
vn -0.8405 -0.3880 -0.3783
vn -0.7125 -0.4546 0.5345
vn -0.8331 -0.3965 0.3857
vn -0.8782 -0.3493 0.3267
vn -0.9238 -0.3352 0.1850
vn -0.9338 -0.2584 -0.2476
vn -0.7272 -0.4736 0.4969
vn -0.7304 -0.4669 0.4986
vn -0.8312 -0.3912 0.3950
vn -0.7973 -0.4704 0.3782
vn -0.7443 -0.5017 0.4408
vn -0.8867 -0.3858 0.2549
vn -0.8529 -0.4645 0.2382
vn -0.8058 -0.5066 0.3068
vn -0.9236 -0.3696 0.1019
vn -0.8899 -0.4480 0.0853
vn -0.8527 -0.4987 0.1553
vn -0.8054 -0.5768 0.1365
vn -0.9041 -0.4215 -0.0700
vn -0.8792 -0.4765 -0.0038
vn -0.8319 -0.5545 -0.0226
vn -0.7947 -0.6052 0.0475
vn -0.7362 -0.6762 0.0278
vn -0.9301 -0.3080 -0.1999
vn -0.8962 -0.3872 -0.2166
vn -0.8831 -0.4415 -0.1586
vn -0.8358 -0.5196 -0.1773
vn -0.8108 -0.5746 -0.1111
vn -0.7523 -0.6457 -0.1308
vn -0.7151 -0.6964 -0.0607
vn -0.6504 -0.7554 -0.0797
vn -0.6032 -0.7975 -0.0112
vn -0.5384 -0.8422 -0.0283
vn -0.4853 -0.8737 0.0342
vn -0.4255 -0.9047 0.0199
vn -0.9048 -0.2695 -0.3298
vn -0.8708 -0.3487 -0.3464
vn -0.8672 -0.3983 -0.2987
vn -0.5094 -0.8534 -0.1103
vn -0.4496 -0.8845 -0.1247
vn -0.3964 -0.9160 -0.0622
vn -0.3455 -0.9355 -0.0734
vn 0.1544 -0.8352 0.5279
vn -0.1516 -0.9870 0.0540
vn 0.0000 0.0000 1.0000
vn 0.1577 -0.8751 0.4574
vn 0.2313 -0.8818 0.4109
vn 0.0000 -0.7672 -0.6414
vn 0.1497 -0.9449 0.2910
vn 0.2313 -0.9159 0.3280
vn 0.3076 -0.9109 0.2749
vn 0.5888 -0.7759 0.2265
vn 0.3545 0.9351 0.0000
vn 0.0655 -0.9844 0.1630
vn 0.1456 -0.9689 0.2000
vn 0.2220 -0.9639 0.1469
vn 0.3035 -0.9349 0.1839
vn 0.3769 -0.9174 0.1276
vn 0.4533 -0.8765 0.1618
vn 0.5183 -0.8485 0.1068
vn 0.5847 -0.7998 0.1358
vn 0.6382 -0.7651 0.0857
vn -0.0895 -0.9925 0.0834
vn -0.0155 -0.9992 0.0367
vn 0.0574 -0.9958 0.0709
vn 0.1339 -0.9908 0.0177
vn 0.2140 -0.9753 0.0547
vn 0.2874 -0.9578 -0.0016
vn 0.3689 -0.9288 0.0355
vn 0.4338 -0.9008 -0.0196
vn 0.5103 -0.8599 0.0146
vn 0.5634 -0.8254 -0.0352
vn 0.6302 -0.7764 -0.0060
vn 0.6708 -0.7401 -0.0482
vn -0.1628 -0.9861 -0.0331
vn -0.0886 -0.9929 -0.0798
vn -0.0266 -0.9984 -0.0504
vn 0.0495 -0.9934 -0.1033
vn 0.1228 -0.9900 -0.0689
vn 0.1960 -0.9726 -0.1251
vn 0.2764 -0.9570 -0.0879
vn 0.3415 -0.9289 -0.1431
vn 0.4228 -0.9000 -0.1062
vn 0.4763 -0.8653 -0.1563
vn 0.5524 -0.8245 -0.1223
vn 0.5930 -0.7882 -0.1645
vn 0.6598 -0.7392 -0.1354
vn 0.6887 -0.7052 -0.1687
vn 0.0000 -0.5525 0.8335
vn 0.9736 -0.0779 0.2144
vn 0.9710 -0.2009 0.1294
vn 0.9462 -0.3214 0.0384
vn 0.9007 -0.4312 -0.0525
vn 0.8401 -0.5248 -0.1373
vn 0.8881 0.0000 -0.4597
vn 0.9842 -0.1086 0.1401
vn 0.9708 -0.2353 0.0463
vn 0.9825 -0.1849 -0.0236
vn 0.9329 -0.3570 -0.0475
vn 0.9446 -0.3063 -0.1176
vn 0.9692 -0.2205 -0.1097
vn 0.9691 -0.1643 -0.1841
vn -0.9253 0.0511 -0.3758
vn 0.9128 -0.0560 -0.4046
vn 0.8748 -0.4653 -0.1348
vn 0.8866 -0.4144 -0.2054
vn 0.9186 -0.3406 -0.2004
vn 0.9185 -0.2844 -0.2747
vn 0.9431 -0.1985 -0.2668
vn 0.9299 -0.1407 -0.3398
vn 0.9431 -0.0481 -0.3291
vn 0.9185 0.0070 -0.3953
vn 0.8866 0.1480 -0.4381
vn 0.8748 0.2339 -0.4242
vn 0.8401 0.2742 -0.4680
vn 0.8042 -0.5555 -0.2114
vn 0.8161 -0.5045 -0.2819
vn 0.8508 -0.4451 -0.2794
vn 0.8507 -0.3891 -0.3534
vn 0.8829 -0.3149 -0.3483
vn 0.8697 -0.2571 -0.4212
vn 0.8944 -0.1710 -0.4132
vn 0.8697 -0.1158 -0.4797
vn 0.8829 -0.0234 -0.4690
vn 0.8507 0.0255 -0.5250
vn 0.8508 0.1174 -0.5122
vn 0.8161 0.1577 -0.5560
vn 0.8042 0.2436 -0.5422
vn 0.7711 0.2748 -0.5744
vn 0.7385 0.2285 -0.6343
vn 0.6731 0.1621 -0.7215
vn 0.6928 0.2307 -0.6832
vn 0.5789 0.3732 -0.7250
vn 0.6138 0.1620 -0.7726
vn 0.5082 0.2915 -0.8104
vn 0.5255 0.3663 -0.7679
vn 0.4623 0.4342 -0.7731
vn 0.4066 0.1505 -0.9011
vn 0.4405 0.2806 -0.8527
vn 0.3771 0.3487 -0.8580
vn 0.3943 0.4232 -0.8158
vn -0.9759 -0.2183 0.0000
vn 0.3152 0.0924 -0.9445
vn 0.3294 0.1437 -0.9332
vn 0.2480 0.2431 -0.9378
vn 0.2673 0.3271 -0.9064
vn 0.0000 -0.6028 0.7979
vn 0.2023 -0.0129 -0.9792
vn 0.2271 0.0729 -0.9711
vn 0.1637 0.1410 -0.9764
vn 0.1876 0.2295 -0.9551
vn 0.2312 0.1843 -0.9553
vn 0.4470 0.8945 0.0000
vn 0.0893 -0.1121 -0.9897
vn 0.1129 -0.0351 -0.9930
vn 0.1605 -0.0869 -0.9832
vn 0.2275 0.1564 -0.9611
vn 0.1612 0.2234 -0.9613
vn 0.1468 0.1623 -0.9758
vn -0.0334 0.3322 -0.9426
vn -0.0123 0.4166 -0.9090
vn -0.0707 0.4653 -0.8823
vn -0.0253 0.6513 -0.7584
vn -0.0799 0.6845 -0.7246
vn -0.0161 -0.2001 -0.9796
vn 0.0047 -0.1354 -0.9908
vn 0.0585 -0.1924 -0.9796
vn 0.0856 -0.1084 -0.9904
vn -0.1013 0.0757 -0.9920
vn -0.0764 0.1617 -0.9839
vn -0.1415 0.2208 -0.9650
vn -0.1176 0.3091 -0.9437
vn -0.1763 0.3581 -0.9169
vn -0.1553 0.4421 -0.8834
vn -0.3158 0.5588 -0.7668
vn -0.2916 0.6245 -0.7245
vn -0.2262 0.5818 -0.7813
vn -0.4036 0.2819 -0.8704
vn -0.2224 0.1965 -0.9549
vn -0.1822 0.0514 -0.9819
vn 0.0056 -0.2082 -0.9781
vn -0.0985 -0.2249 -0.9694
vn -0.3770 0.3512 -0.8571
vn -0.4466 0.3233 -0.8343
vn -0.5415 0.8407 0.0000
vn -0.2472 0.1104 -0.9626
vn -0.3273 0.0842 -0.9411
vn -0.4760 0.2365 -0.8470
vn -0.5482 0.2040 -0.8111
vn -0.5267 0.1791 -0.8310
vn -0.5020 0.1880 -0.8442
vn -0.6028 0.3482 -0.7179
vn -0.6611 0.3375 -0.6701
vn -0.2020 -0.0403 -0.9786
vn -0.2824 -0.0666 -0.9570
vn -0.3472 -0.0077 -0.9378
vn -0.4285 -0.0367 -0.9028
vn -0.5713 0.1127 -0.8130
vn -0.5429 0.1263 -0.8302
vn -0.5218 0.0965 -0.8476
vn -0.6874 0.0292 -0.7257
vn -0.7322 0.0850 -0.6758
vn -0.7836 0.0601 -0.6183
vn -0.0089 -0.2910 -0.9567
vn -0.0930 -0.3175 -0.9437
vn -0.2955 -0.1577 -0.9423
vn -0.3768 -0.1867 -0.9073
vn -0.4416 -0.1278 -0.8881
vn -0.6127 -0.1956 -0.7657
vn -0.5812 -0.2294 -0.7808
vn -0.5539 -0.2112 -0.8053
vn -0.7005 -0.0620 -0.7109
vn -0.7516 -0.0867 -0.6538
vn -0.7967 -0.0306 -0.6036
vn -0.8340 -0.0510 -0.5494
vn -0.1045 -0.3091 -0.9453
vn -0.1854 -0.3355 -0.9236
vn -0.1018 -0.3958 -0.9127
vn -0.3194 -0.4599 -0.8285
vn -0.3865 -0.4078 -0.8272
vn -0.4569 -0.4270 -0.7803
vn -0.6129 -0.2798 -0.7390
vn -0.5888 -0.2694 -0.7621
vn -0.5560 -0.2994 -0.7754
vn -0.6959 -0.4029 -0.5944
vn -0.7493 -0.3626 -0.5541
vn -0.7831 -0.3927 -0.4822
vn -0.8241 -0.3579 -0.4391
vn -0.8464 -0.3826 -0.3703
vn -0.8653 -0.2310 -0.4448
vn -0.7951 -0.2713 -0.5424
vn -0.7027 -0.3113 -0.6398
vn -0.5888 -0.3480 -0.7295
vn -0.4586 -0.3788 -0.8039
vn -0.3210 -0.4015 -0.8578
vn -0.1854 -0.4155 -0.8905
vn -0.8402 -0.2755 -0.4671
vn -0.8340 -0.3522 -0.4247
vn -0.7578 -0.3241 -0.5663
vn -0.7516 -0.4007 -0.5239
vn -0.7967 -0.4049 -0.4486
vn -0.6513 -0.3695 -0.6628
vn -0.6451 -0.4457 -0.6206
vn -0.7005 -0.4586 -0.5467
vn -0.5236 -0.4070 -0.7485
vn -0.5175 -0.4829 -0.7064
vn -0.5801 -0.5045 -0.6395
vn -0.1918 0.0010 -0.9814
vn -0.3829 -0.4330 -0.8160
vn -0.3768 -0.5091 -0.7738
vn -0.4416 -0.5372 -0.7186
vn 0.9626 -0.2708 0.0000
vn -0.6585 0.7526 0.0000
vn 0.0000 -0.6530 0.7573
vn -0.2399 -0.4465 -0.8620
vn -0.2339 -0.5231 -0.8195
vn -0.2955 -0.5544 -0.7781
vn -0.2824 -0.6293 -0.7241
vn -0.3939 -0.8557 -0.3355
vn -0.4389 -0.8600 -0.2603
vn -0.4127 -0.8880 -0.2029
vn -0.2020 -0.6631 -0.7208
vn -0.1822 -0.7303 -0.6583
vn -0.2472 -0.7585 -0.6030
vn -0.2224 -0.8140 -0.5367
vn -0.2849 -0.8355 -0.4699
vn -0.2579 -0.8769 -0.4057
vn -0.3130 -0.8898 -0.3321
vn -0.2869 -0.9177 -0.2748
vn -0.3318 -0.9220 -0.1995
vn -0.3086 -0.9390 -0.1518
vn 0.7255 0.2465 -0.6425
vn 0.7705 0.1295 -0.6241
vn 0.8056 -0.0024 -0.5924
vn 0.8250 -0.1435 -0.5466
vn 0.8250 -0.2848 -0.4881
vn 0.8056 -0.4170 -0.4208
vn 0.7705 -0.5327 -0.3500
vn 0.7244 0.1942 -0.6615
vn 0.6687 0.1681 -0.7243
vn 0.7636 0.0635 -0.6425
vn 0.7904 -0.0806 -0.6072
vn 0.8000 -0.2295 -0.5544
vn 0.0000 0.3650 0.9310
vn 0.7904 -0.3721 -0.4866
vn 0.0917 -0.0074 -0.9958
vn 0.7636 -0.4990 -0.4097
vn -0.8951 -0.0220 0.4454
vn 0.9751 -0.2218 0.0000
vn 0.0284 -0.0045 -0.9996
vn 0.7244 -0.6049 -0.3307
vn 0.0000 -0.9996 0.0269
vn 0.8023 0.3892 0.4526
vn 0.8516 -0.0157 -0.5239
vn -0.7360 0.2506 -0.6289
vn -0.2262 -0.9638 -0.1415
vn -0.2045 -0.9424 -0.2646
vn -0.1763 -0.9014 -0.3956
vn -0.1415 -0.8383 -0.5266
vn -0.1013 -0.7546 -0.6483
vn -0.1874 -0.9654 -0.1815
vn -0.1027 -0.9810 -0.1644
vn -0.1553 -0.9371 -0.3125
vn -0.0707 -0.9528 -0.2954
vn -0.0535 -0.9757 -0.2124
vn 0.0356 -0.9817 -0.1871
vn -0.1176 -0.8857 -0.4492
vn -0.0334 -0.9012 -0.4321
vn -0.0123 -0.9372 -0.3487
vn 0.0772 -0.9432 -0.3233
vn 0.0942 -0.9660 -0.2408
vn 0.1822 -0.9610 -0.2082
vn -0.0764 -0.8098 -0.5817
vn 0.0075 -0.8253 -0.5647
vn 0.0314 -0.8728 -0.4870
vn 0.1209 -0.8788 -0.4616
vn 0.1420 -0.9148 -0.3782
vn 0.2302 -0.9097 -0.3456
vn 0.2472 -0.9325 -0.2634
vn 0.3277 -0.9173 -0.2263
vn 0.0000 -0.3546 -0.9350
vn 0.3943 -0.8759 -0.2780
vn 0.4623 -0.8536 -0.2401
vn 0.0000 0.4814 0.8765
vn 0.0000 0.5181 -0.8553
vn 0.5255 -0.8019 -0.2843
vn 0.5789 -0.7764 -0.2491
vn 0.0000 -0.5620 0.8271
vn 0.6351 -0.7184 -0.2838
vn 0.6746 -0.6933 -0.2535
vn -0.0936 -0.5353 0.8395
vn 0.2919 -0.7047 0.6466
vn -0.0815 -0.9812 0.1752
vn -0.0040 -0.9539 0.3002
vn 0.0764 -0.9041 0.4205
vn 0.2252 -0.7538 0.6173
vn 0.2858 -0.6675 0.6876
vn -0.5564 -0.8115 -0.1785
vn -0.6216 -0.7666 -0.1614
vn -0.6587 -0.7160 -0.2313
vn -0.7236 -0.6568 -0.2121
vn -0.7486 -0.6016 -0.2786
vn -0.8070 -0.5307 -0.2590
vn -0.8201 -0.4761 -0.3174
vn -0.5063 -0.8536 0.1224
vn -0.5716 -0.8086 0.1395
vn -0.6243 -0.7774 0.0773
vn -0.6890 -0.7183 0.0963
vn -0.9379 -0.3427 -0.0534
vn -0.5823 -0.7803 0.2283
vn -0.6472 -0.7211 0.2474
vn -0.6998 -0.6899 0.1854
vn -0.7583 -0.6189 0.2051
vn -0.6473 -0.6868 0.3305
vn -0.7057 -0.6159 0.3501
vn -0.7584 -0.5847 0.2879
vn -0.6972 -0.5795 0.4220
vn -0.9511 -0.2880 -0.1118
vn -0.9487 -0.3143 0.0355
vn -0.7236 0.3147 -0.6143
vn -0.6587 0.3431 -0.6697
vn -0.6216 0.4283 -0.6559
vn -0.5564 0.4479 -0.6999
vn -0.5094 0.5258 -0.6812
vn -0.4496 0.5376 -0.7133
vn -0.3964 0.6040 -0.6914
vn -0.7523 0.3644 -0.5489
vn -0.7151 0.4497 -0.5351
vn -0.6504 0.4780 -0.5903
vn -0.6032 0.5562 -0.5716
vn -0.5384 0.5758 -0.6152
vn -0.4853 0.6422 -0.5933
vn -0.9511 0.1248 -0.2826
vn -0.9379 0.2047 -0.2800
vn -0.9487 0.2474 -0.1971
vn -0.9236 0.3334 -0.1891
vn -0.9238 0.3679 -0.1061
vn -0.8867 0.4531 -0.0924
vn -0.8782 0.4781 -0.0157
vn -0.4255 0.6541 -0.6253
vn 0.9022 0.0980 0.4201
vn 0.5094 -0.5258 0.6812
vn 0.5384 -0.5758 0.6152
vn 0.4853 -0.6422 0.5933
vn 0.4496 -0.5376 0.7133
vn 0.3964 -0.6040 0.6914
vn 0.5063 -0.6904 0.5167
vn 0.4255 -0.6541 0.6253
vn 0.3455 -0.6100 0.7131
vn 0.2121 -0.6500 0.7297
vn 0.0040 -0.8870 0.4618
vn -0.0764 -0.9022 0.4245
vn -0.0764 -0.9368 0.3415
vn -0.1577 -0.9424 0.2949
vn -0.1544 -0.9639 0.2168
vn -0.2306 -0.9591 0.1639
vn -0.1457 -0.8268 0.5433
vn -0.1497 -0.8741 0.4620
vn -0.2313 -0.8798 0.4153
vn -0.2313 -0.9143 0.3325
vn -0.3078 -0.9095 0.2794
vn -0.3045 -0.9309 0.2018
vn -0.3712 -0.9169 0.1465
vn -0.2220 -0.7857 0.5773
vn -0.3035 -0.7914 0.5306
vn -0.3076 -0.8387 0.4494
vn -0.3841 -0.8339 0.3963
vn -0.3842 -0.8684 0.3135
vn -0.4505 -0.8545 0.2585
vn -0.3769 -0.7392 0.5581
vn -0.4533 -0.7345 0.5050
vn -0.4575 -0.7818 0.4238
vn -0.5236 -0.7679 0.3690
vn -0.5183 -0.6757 0.5241
vn -0.5847 -0.6618 0.4692
vn -0.4473 -0.8760 0.1804
vn -0.5237 -0.8025 0.2859
vn -0.5888 -0.7090 0.3881
vn -0.6382 -0.6019 0.4801
vn -0.9708 -0.1992 0.1335
vn -0.9710 -0.2336 0.0505
vn -0.9842 -0.1758 -0.0224
vn -0.9736 -0.2066 -0.0966
vn -0.9737 -0.1507 -0.1707
vn -0.9692 -0.0784 0.2335
vn -0.9825 -0.1141 0.1474
vn -0.9956 -0.0562 0.0744
vn -0.9959 -0.0905 -0.0085
vn -0.9960 -0.0343 -0.0829
vn -0.9855 -0.0648 -0.1567
vn -0.9737 -0.0140 -0.2273
vn -0.9431 0.0481 0.3291
vn -0.9691 0.0139 0.2464
vn -0.9822 0.0717 0.1733
vn -0.9955 0.0361 0.0873
vn -0.9956 0.0923 0.0129
vn -0.9959 0.0580 -0.0699
vn -0.9842 0.1086 -0.1401
vn -0.8944 0.1710 0.4132
vn -0.9299 0.1407 0.3398
vn -0.9431 0.1985 0.2668
vn -0.9691 0.1643 0.1841
vn -0.9692 0.2205 0.1097
vn -0.9825 0.1849 0.0236
vn -0.9708 0.2353 -0.0463
vn -0.8697 0.2571 0.4212
vn -0.8829 0.3149 0.3483
vn -0.9185 0.2844 0.2747
vn -0.9186 0.3406 0.2004
vn -0.9446 0.3063 0.1176
vn -0.9329 0.3570 0.0475
vn -0.8866 0.4144 0.2054
vn -0.8748 0.4653 0.1348
vn -0.9736 0.0779 -0.2144
vn -0.9710 0.2009 -0.1294
vn -0.9462 0.3214 -0.0384
vn -0.9007 0.4312 0.0525
vn 0.8867 0.3858 -0.2549
vn 0.7236 0.6568 0.2121
vn 0.7523 0.6457 0.1308
vn 0.8108 0.5746 0.1111
vn 0.8319 0.5545 0.0226
vn 0.6954 0.7157 0.0650
vn 0.7794 0.5691 -0.2620
vn 0.8404 0.4786 -0.2541
vn 0.7486 0.6016 0.2786
vn 0.8070 0.5307 0.2590
vn 0.8358 0.5196 0.1773
vn 0.7663 0.6110 0.1986
vn 0.7813 0.6014 0.1670
vn 0.8201 0.4761 0.3174
vn 0.8672 0.3983 0.2987
vn 0.8081 0.4096 0.4233
vn 0.8529 0.3375 0.3982
vn 0.8708 0.3487 0.3464
vn 0.9048 0.2695 0.3298
vn 0.8782 0.3493 -0.3267
vn 0.7978 0.4700 -0.3776
vn 0.8462 0.2825 0.4518
vn 0.9022 0.2276 0.3664
vn 0.8653 0.1509 0.4780
vn 0.8402 0.1352 0.5252
vn 0.8340 0.0510 0.5494
vn 0.7967 0.0306 0.6036
vn 0.7836 -0.0601 0.6183
vn 0.7322 -0.0850 0.6758
vn 0.4127 -0.4848 0.7711
vn 0.3318 -0.5113 0.7928
vn 0.7951 0.1914 0.5755
vn 0.7578 0.1709 0.6297
vn 0.7516 0.0867 0.6538
vn 0.7005 0.0620 0.7109
vn 0.6874 -0.0292 0.7257
vn 0.7027 0.2320 0.6726
vn 0.6513 0.2070 0.7301
vn 0.6451 0.1233 0.7541
vn 0.5888 0.2694 0.7621
vn 0.2262 -0.5818 0.7813
vn -0.1420 -0.3798 0.9141
vn -0.2302 -0.3993 0.8875
vn -0.2969 -0.3333 0.8949
vn -0.3771 -0.3487 0.8580
vn -0.4406 -0.2806 0.8527
vn -0.0314 -0.2733 0.9614
vn -0.1209 -0.2955 0.9477
vn -0.1876 -0.2295 0.9551
vn -0.2757 -0.2490 0.9284
vn -0.3391 -0.1809 0.9232
vn -0.4194 -0.1963 0.8863
vn -0.4752 -0.1312 0.8701
vn -0.0075 -0.1848 0.9828
vn -0.0742 -0.1188 0.9901
vn -0.1637 -0.1410 0.9764
vn -0.2271 -0.0729 0.9711
vn -0.3152 -0.0924 0.9445
vn -0.3708 -0.0275 0.9283
vn -0.4513 -0.0429 0.8913
vn -0.4764 0.5413 0.6929
vn -0.3615 0.4939 0.7908
vn -0.2428 0.4383 0.8654
vn -0.5013 0.5967 0.6266
vn -0.3960 0.5568 0.7302
vn -0.2849 0.5041 0.8153
vn -0.1755 0.4438 0.8788
vn -0.4406 0.8012 0.4050
vn -0.3771 0.8531 0.3605
vn -0.2969 0.8683 0.3975
vn -0.2302 0.9097 0.3456
vn -0.1420 0.9147 0.3782
vn -0.4752 0.7077 0.5228
vn -0.4194 0.7653 0.4883
vn -0.3391 0.7804 0.5253
vn -0.2757 0.8323 0.4808
vn -0.1876 0.8374 0.5134
vn -0.1209 0.8788 0.4616
vn -0.0314 0.8728 0.4870
vn -0.4513 0.6603 0.6003
vn -0.3708 0.6755 0.6373
vn -0.3152 0.7329 0.6029
vn -0.2271 0.7380 0.6355
vn -0.1637 0.7898 0.5911
vn -0.0742 0.7838 0.6165
vn -0.0075 0.8253 0.5647
vn 0.0764 0.8098 0.5817
vn -0.7602 0.0566 -0.6472
vn -0.7753 0.5744 0.2627
vn 0.9286 0.2843 0.2384
vn -0.8208 0.5299 0.2131
vn -0.0629 -0.5871 -0.8071
vn -0.3460 0.6204 0.7039
vn -0.2581 0.6254 0.7364
vn -0.2023 0.6830 0.7018
vn -0.1129 0.6770 0.7273
vn -0.0495 0.7289 0.6828
vn 0.0347 0.7133 0.7000
vn -0.2345 0.5682 0.7888
vn -0.1454 0.5622 0.8141
vn -0.0893 0.6202 0.7794
vn -0.0047 0.6044 0.7966
vn -0.1246 0.5085 0.8520
vn -0.0399 0.4928 0.8692
vn 0.1013 0.7546 0.6483
vn 0.0584 0.6562 0.7524
vn 0.0161 0.5508 0.8345
vn 0.6472 0.6640 0.3745
vn 0.7124 0.6050 0.3555
vn 0.7322 0.5378 0.4180
vn 0.7836 0.4795 0.3950
vn 0.7967 0.4049 0.4486
vn 0.8340 0.3522 0.4247
vn 0.8402 0.2755 0.4671
vn 0.6026 0.6597 0.4491
vn 0.6224 0.5923 0.5117
vn 0.6874 0.5335 0.4928
vn 0.7005 0.4586 0.5467
vn 0.7516 0.4007 0.5239
vn 0.7578 0.3241 0.5663
vn 0.5670 0.5793 0.5856
vn 0.5801 0.5045 0.6395
vn 0.6451 0.4457 0.6206
vn 0.6513 0.3695 0.6628
vn 0.5175 0.4829 0.7064
vn 0.5236 0.4070 0.7485
vn 0.1822 0.7303 0.6583
vn 0.2020 0.6631 0.7208
vn 0.1400 0.6317 0.7625
vn 0.1530 0.5571 0.8162
vn 0.0985 0.5261 0.8447
vn 0.7951 0.2713 0.5424
vn 0.7027 0.3113 0.6398
vn 0.5888 0.3480 0.7295
vn 0.8653 0.2310 0.4448
vn 0.3086 -0.5570 0.7710
vn -0.3455 0.6100 -0.7131
vn 0.0228 -0.3166 -0.9483
vn -0.0597 -0.3414 -0.9380
vn -0.0597 -0.4215 -0.9049
vn 0.0228 -0.4462 -0.8946
vn 0.7919 -0.3456 -0.5034
vn 0.7976 -0.3387 -0.4991
vn -0.8897 -0.1981 -0.4113
vn 0.9060 0.1661 0.3893
vn 0.7298 -0.5264 -0.4361
vn -0.9121 -0.0047 -0.4099
vn 0.1412 0.7416 0.6558
vn 0.0967 0.7520 0.6521
vn -0.1030 -0.3317 -0.9377
vn 0.8935 0.1384 -0.4272
vn 0.3670 -0.9109 -0.1884
vn -0.5290 -0.8191 0.2220
vn 0.1458 -0.5851 -0.7977
vn 0.8873 0.1196 -0.4455
vn -0.5901 -0.7883 0.1745
vn -0.3422 0.6052 -0.7188
vn -0.7996 0.0562 0.5979
vn -0.8586 -0.2385 0.4539
vn -0.6441 -0.7541 0.1283
vn -0.2788 0.6281 -0.7264
vn 0.1220 0.9789 0.1639
vn -0.0861 -0.4040 -0.9107
vn 0.7779 -0.6221 -0.0884
vn 0.1200 0.9889 0.0878
vn -0.0393 -0.6175 0.7856
vn -0.8499 -0.5232 -0.0627
vn -0.7964 0.4184 0.4367
vn 0.2589 0.9238 0.2821
vn 0.1837 -0.9093 0.3733
vn 0.0438 0.3574 0.9329
vn 0.3480 -0.9311 -0.1091
vn 0.2295 0.9334 0.2760
vn -0.3014 -0.0263 0.9531
vn 0.4873 0.7027 0.5184
vn 0.5123 -0.6101 0.6045
vn -0.8198 0.3307 0.4675
vn 0.2006 0.9418 0.2698
vn 0.7535 0.5425 -0.3714
vn -0.6668 -0.5951 0.4485
vn -0.8081 0.2509 0.5329
vn 0.0296 0.5519 -0.8334
vn -0.6264 -0.6147 0.4793
vn -0.7453 0.3516 -0.5664
vn 0.3217 -0.6819 0.6569
vn -0.0676 -0.5835 0.8093
vn -0.0815 -0.3583 -0.9300
vn 0.0192 -0.3830 -0.9236
vn 0.0363 0.5976 -0.8010
vn -0.5863 -0.6316 0.5073
vn -0.0333 -0.5771 0.8160
vn 0.7979 -0.1342 0.5877
vn -0.2103 -0.2814 0.9363
vn 0.8494 0.4012 -0.3429
vn 0.0430 0.6420 -0.7655
vn 0.4478 -0.5590 0.6979
vn 0.4624 -0.5605 -0.6871
vn -0.3663 0.9119 0.1851
vn 0.8445 0.4279 -0.3222
vn 0.3336 -0.9412 -0.0544
vn 0.1224 0.9756 0.1822
vn -0.9642 0.0156 -0.2646
vn 0.8904 -0.0380 0.4536
vn -0.2435 -0.1957 0.9500
vn -0.3867 0.8775 0.2834
vn -0.7022 0.7111 -0.0367
vn -0.2736 -0.1113 0.9554
vn -0.7755 0.6265 0.0779
vn 0.4914 -0.5322 -0.6894
vn 0.3857 -0.3048 -0.8708
vn -0.9566 0.0404 -0.2885
vn 0.4516 -0.6577 0.6029
vn -0.0146 -0.3695 -0.9291
vn 0.2788 -0.6281 0.7264
vn 0.4929 0.8339 -0.2482
vn 0.3449 -0.1258 -0.9302
vn -0.3965 0.6189 0.6780
vn -0.0271 -0.5347 0.8446
vn -0.3876 0.4547 0.8019
vn 0.0196 0.3674 0.9298
vn -0.0715 0.7959 -0.6011
vn -0.7374 -0.6745 0.0367
vn -0.3668 0.6429 0.6724
vn -0.3922 -0.8747 -0.2848
vn -0.7668 0.1009 -0.6339
vn -0.3390 0.6640 0.6664
vn -0.4207 -0.8689 -0.2608
vn -0.1227 -0.9730 -0.1956
vn -0.0914 -0.4586 -0.8839
vn 0.6471 0.6050 -0.4639
vn -0.9686 -0.0007 -0.2487
vn 0.0869 0.4127 0.9067
vn -0.5993 0.2907 0.7459
vn 0.2519 -0.6551 0.7123
vn 0.9046 0.0214 0.4257
vn 0.6732 -0.7391 0.0222
vn -0.8012 0.1379 -0.5823
vn -0.0236 0.3847 0.9227
vn 0.4228 -0.6106 -0.6696
vn -0.5652 0.5632 -0.6027
vn -0.0511 -0.6933 0.7188
vn -0.3979 0.8493 0.3469
vn 0.4228 -0.6109 -0.6693
vn -0.5194 0.6041 -0.6044
vn 0.3808 -0.7062 0.5969
vn 0.5446 0.0396 -0.8378
vn -0.9302 -0.2006 -0.3074
vn -0.8053 0.5028 0.3140
vn 0.7643 -0.5141 -0.3892
vn 0.6857 0.5850 -0.4331
vn -0.4669 0.6463 -0.6036
vn 0.7007 -0.7125 0.0360
vn -0.7743 0.5119 0.3721
vn -0.0655 0.4007 0.9139
vn -0.4982 -0.0947 0.8619
vn 0.8609 0.0547 -0.5058
vn 0.0928 0.4739 0.8757
vn -0.4072 0.6890 -0.5996
vn -0.5258 -0.0623 0.8483
vn 0.9151 0.0839 0.3944
vn -0.5527 -0.0296 0.8329
vn -0.1059 0.4153 0.9035
vn -0.4088 0.8096 0.4212
vn -0.3399 0.7311 -0.5916
vn 0.0690 -0.4019 -0.9131
vn 0.0686 0.5817 -0.8105
vn -0.7157 -0.6365 -0.2875
vn -0.0752 -0.2967 -0.9520
vn -0.2372 0.6489 -0.7229
vn -0.0515 0.7701 -0.6359
vn 0.7994 -0.5048 -0.3257
vn 0.5239 0.8213 -0.2258
vn 0.1024 -0.4141 -0.9045
vn -0.0229 0.7304 -0.6827
vn -0.9393 -0.1639 -0.3016
vn 0.0057 0.6873 -0.7263
vn 0.5839 0.8051 0.1045
vn 0.7206 0.5644 -0.4027
vn 0.5630 0.8167 0.1267
vn 0.9302 0.2006 0.3074
vn -0.4170 0.7617 0.4959
vn 0.9212 0.1488 0.3594
vn -0.2661 0.6610 -0.7017
vn -0.7368 -0.6245 -0.2591
vn 0.8165 -0.1557 0.5560
vn 0.2646 -0.9499 0.1663
vn 0.0620 0.5934 -0.8025
vn 0.9392 -0.0866 0.3322
vn 0.6338 0.6715 0.3838
vn 0.3879 -0.8750 -0.2897
vn -0.4485 -0.8619 -0.2367
vn -0.2931 0.6715 -0.6806
vn 0.9192 -0.1296 0.3718
vn -0.3183 0.6807 -0.6598
vn 0.9223 0.2152 0.3212
vn -0.2441 -0.9287 -0.2791
vn 0.0970 -0.6765 0.7300
vn 0.7814 -0.6152 -0.1046
vn -0.7549 -0.6130 -0.2333
vn -0.2772 -0.9173 -0.2858
vn 0.7895 -0.5955 -0.1483
vn 0.7025 0.6433 0.3044
vn -0.0452 -0.6557 0.7536
vn -0.8874 0.0489 -0.4584
vn 0.9177 0.2819 0.2800
vn -0.4613 -0.8452 0.2701
vn -0.8670 0.1123 -0.4856
vn 0.3659 -0.7115 0.5998
vn 0.2306 -0.7944 0.5619
vn 0.3045 -0.8012 0.5151
vn 0.3712 -0.7522 0.5444
vn 0.4473 -0.7473 0.4915
vn 0.3078 -0.8409 0.4451
vn 0.3842 -0.8359 0.3919
vn 0.4505 -0.7873 0.4210
vn 0.5237 -0.7698 0.3649
vn 0.0764 -0.9383 0.3373
vn 0.3841 -0.8700 0.3090
vn 0.4575 -0.8526 0.2527
vn 0.5236 -0.8040 0.2817
vn -0.0081 -0.9778 0.2095
vn 0.9250 0.1453 0.3511
vn 0.9565 0.0395 0.2889
vn 0.9447 0.1254 0.3030
vn 0.9096 0.0401 0.4136
vn 0.9737 0.0140 0.2273
vn 0.9401 -0.0659 0.3345
vn 0.9410 0.0124 0.3382
vn 0.9959 -0.0580 0.0699
vn 0.9830 -0.1761 0.0524
vn 0.9954 -0.0245 -0.0928
vn 0.9956 -0.0923 -0.0129
vn 0.9955 -0.0361 -0.0872
vn 0.9963 -0.0175 -0.0847
vn 0.9663 0.0728 -0.2467
vn 0.9657 0.1426 -0.2171
vn 0.9077 0.1759 -0.3811
vn 0.9822 -0.0717 -0.1733
vn 0.9691 -0.0139 -0.2464
vn 0.9692 0.0784 -0.2335
vn 0.9446 0.1336 -0.2997
vn 0.9329 0.2190 -0.2859
vn 0.9007 0.2679 -0.3419
vn 0.9186 0.0994 -0.3825
vn 0.5433 0.1421 -0.8275
vn 0.4513 0.0429 -0.8913
vn 0.3460 -0.0586 -0.9364
vn 0.2345 -0.1555 -0.9596
vn 0.1246 -0.2424 -0.9621
vn 0.4752 0.1312 -0.8701
vn 0.3708 0.0275 -0.9283
vn 0.2581 -0.0780 -0.9630
vn 0.1454 -0.1777 -0.9733
vn 0.0399 -0.2657 -0.9632
vn -0.3086 0.5570 -0.7710
vn -0.2869 0.4550 -0.8430
vn -0.3318 0.5113 -0.7928
vn -0.4127 0.4848 -0.7711
vn -0.3130 0.3947 -0.8638
vn -0.3939 0.3682 -0.8422
vn -0.4389 0.4245 -0.7920
vn -0.5199 0.3955 -0.7572
vn -0.4206 0.2940 -0.8583
vn -0.5020 0.2649 -0.8233
vn -0.5468 0.3208 -0.7734
vn -0.6225 0.2911 -0.7265
vn -0.7836 -0.4795 -0.3950
vn -0.6874 -0.5335 -0.4928
vn -0.7322 -0.5378 -0.4180
vn -0.7124 -0.6050 -0.3555
vn -0.5670 -0.5793 -0.5856
vn -0.6224 -0.5923 -0.5117
vn -0.6026 -0.6597 -0.4491
vn -0.6472 -0.6640 -0.3745
vn -0.6225 -0.7194 -0.3082
vn -0.4285 -0.6121 -0.6646
vn -0.4911 -0.6336 -0.5978
vn -0.4713 -0.7010 -0.5352
vn -0.5267 -0.7140 -0.4613
vn -0.5020 -0.7693 -0.3952
vn -0.5468 -0.7736 -0.3204
vn -0.5199 -0.8149 -0.2561
vn -0.3472 -0.6573 -0.6689
vn -0.3273 -0.7248 -0.6063
vn -0.3900 -0.7463 -0.5394
vn -0.3653 -0.8016 -0.4733
vn -0.4206 -0.8146 -0.3994
vn -0.1045 -0.4494 -0.8872
vn -0.0985 -0.5261 -0.8447
vn -0.1530 -0.5571 -0.8162
vn -0.1400 -0.6317 -0.7625
vn 0.7080 0.0375 -0.7053
vn 0.6618 0.1021 -0.7427
vn 0.5937 0.0779 -0.8009
vn 0.7351 -0.1065 -0.6696
vn 0.6929 -0.0403 -0.7199
vn 0.6245 -0.0646 -0.7784
vn 0.5786 -0.0003 -0.8156
vn 0.5013 -0.0207 -0.8650
vn 0.7448 -0.2552 -0.6165
vn 0.7101 -0.1922 -0.6773
vn 0.6417 -0.2164 -0.7358
vn 0.5996 -0.1503 -0.7861
vn 0.5222 -0.1708 -0.8356
vn 0.4764 -0.1068 -0.8727
vn 0.3960 -0.1222 -0.9101
vn 0.7351 -0.3979 -0.5490
vn 0.7101 -0.3427 -0.6150
vn 0.6417 -0.3669 -0.6735
vn 0.6071 -0.3039 -0.7342
vn 0.5297 -0.3244 -0.7837
vn 0.4875 -0.2583 -0.8341
vn 0.4074 -0.2737 -0.8713
vn 0.3615 -0.2095 -0.9085
vn 0.2849 -0.2196 -0.9331
vn 0.7080 -0.5249 -0.4725
vn 0.6929 -0.4803 -0.5378
vn 0.6245 -0.5045 -0.5963
vn 0.5996 -0.4492 -0.6624
vn 0.5222 -0.4697 -0.7118
vn 0.4875 -0.4068 -0.7726
vn 0.4074 -0.4222 -0.8098
vn 0.3652 -0.3560 -0.8602
vn 0.2891 -0.3661 -0.8845
vn 0.2428 -0.3016 -0.9220
vn 0.1755 -0.3071 -0.9354
vn 0.6687 -0.6308 -0.3936
vn 0.6618 -0.5971 -0.4533
vn 0.5937 -0.6212 -0.5115
vn 0.5786 -0.5762 -0.5772
vn 0.5013 -0.5967 -0.6266
vn 0.4764 -0.5413 -0.6929
vn 0.3960 -0.5568 -0.7302
vn 0.3615 -0.4939 -0.7908
vn 0.2849 -0.5041 -0.8153
vn 0.2428 -0.4383 -0.8654
vn 0.1755 -0.4438 -0.8788
vn 0.1292 -0.3793 -0.9162
vn 0.0738 -0.3814 -0.9215
vn -0.0584 -0.6562 -0.7524
vn -0.0161 -0.5508 -0.8345
vn -0.0347 -0.7133 -0.7000
vn 0.0495 -0.7289 -0.6828
vn 0.0742 -0.7838 -0.6165
vn 0.1637 -0.7898 -0.5911
vn 0.1876 -0.8374 -0.5134
vn 0.2757 -0.8323 -0.4808
vn 0.2969 -0.8683 -0.3975
vn 0.3771 -0.8531 -0.3605
vn 0.0047 -0.6044 -0.7966
vn 0.0893 -0.6202 -0.7794
vn 0.1129 -0.6770 -0.7273
vn 0.2023 -0.6830 -0.7018
vn 0.2271 -0.7380 -0.6355
vn 0.3152 -0.7329 -0.6029
vn 0.3391 -0.7804 -0.5253
vn 0.4194 -0.7653 -0.4883
vn 0.4406 -0.8012 -0.4050
vn 0.5082 -0.7790 -0.3673
vn 0.0399 -0.4928 -0.8692
vn 0.1246 -0.5085 -0.8520
vn 0.1454 -0.5622 -0.8141
vn 0.2345 -0.5682 -0.7888
vn 0.2581 -0.6254 -0.7364
vn 0.3460 -0.6204 -0.7039
vn 0.3708 -0.6755 -0.6373
vn 0.4513 -0.6603 -0.6003
vn 0.4752 -0.7077 -0.5228
vn 0.5433 -0.6853 -0.4850
vn 0.5644 -0.7211 -0.4020
vn 0.6178 -0.6955 -0.3668
vn 0.3769 0.7392 -0.5581
vn 0.3035 0.7914 -0.5306
vn 0.2220 0.7857 -0.5773
vn 0.4338 0.6234 -0.6505
vn 0.3689 0.6822 -0.6313
vn 0.2874 0.6765 -0.6781
vn 0.2140 0.7287 -0.6506
vn 0.1339 0.7135 -0.6878
vn 0.0574 0.7546 -0.6537
vn -0.0155 0.7328 -0.6802
vn 0.4228 0.5617 -0.7112
vn 0.3415 0.5560 -0.7578
vn 0.2764 0.6149 -0.7386
vn 0.1960 0.5997 -0.7759
vn 0.1228 0.6517 -0.7484
vn 0.0495 0.6298 -0.7752
vn -0.0266 0.6707 -0.7412
vn 0.3277 0.4890 -0.8084
vn 0.2302 0.3993 -0.8875
vn 0.2472 0.4735 -0.8454
vn 0.1822 0.5327 -0.8265
vn 0.1420 0.3798 -0.9141
vn 0.0772 0.4388 -0.8953
vn 0.0942 0.5132 -0.8531
vn 0.0356 0.5623 -0.8262
vn 0.0764 0.9368 -0.3415
vn 0.1577 0.9424 -0.2949
vn 0.2313 0.9143 -0.3325
vn 0.3078 0.9095 -0.2794
vn -0.5526 0.7408 -0.3819
vn 0.7714 0.4439 0.4559
vn 0.0732 0.5798 0.8114
vn 0.0931 0.1151 0.9890
vn 0.8822 0.2767 -0.3811
vn -0.6792 0.6139 0.4023
vn 0.1878 0.2302 -0.9549
vn 0.2858 0.9582 0.0147
vn 0.0088 0.9777 -0.2099
vn 0.0987 0.9920 -0.0790
vn 0.1628 0.9861 0.0331
vn 0.0044 0.9538 -0.3004
vn 0.1145 0.2573 -0.9595
vn 0.1516 0.9870 -0.0540
vn -0.7916 -0.1344 0.5961
vn 0.2121 0.9756 0.0568
vn -0.8548 -0.0594 -0.5155
vn 0.2200 0.3053 0.9265
vn -0.8610 -0.3090 -0.4040
vn 0.1544 0.0114 0.9879
vn -0.9034 0.1210 -0.4113
vn 0.1358 -0.9889 0.0603
vn 0.3384 -0.9188 -0.2030
vn 0.0090 -0.8838 0.4677
vn 0.7015 -0.4073 0.5849
vn 0.2046 0.1390 0.9689
vn 0.0465 -0.4172 -0.9076
vn -0.0548 -0.3933 -0.9178
vn 0.1567 0.9869 0.0370
vn -0.7534 0.4626 0.4673
vn 0.8080 0.2794 -0.5187
vn -0.0495 0.9934 0.1033
vn -0.7037 0.4783 0.5254
vn -0.6666 0.5231 -0.5311
vn -0.1339 0.9908 -0.0177
vn -0.1228 0.9900 0.0689
vn 0.8233 0.2123 -0.5265
vn -0.7328 0.4124 0.5412
vn 0.7636 0.4592 0.4540
vn -0.7123 0.4443 -0.5433
vn 0.7276 0.5374 0.4263
vn 0.7756 0.2847 -0.5633
vn -0.7674 0.3249 -0.5528
vn 0.8204 0.1226 -0.5585
vn -0.7981 0.3137 0.5145
vn 0.8374 0.1215 -0.5330
vn -0.7751 0.4000 0.4891
vn 0.7977 0.2155 -0.5632
vn 0.0832 0.9934 -0.0794
vn 0.0986 0.9951 -0.0003
vn 0.0018 0.9786 -0.2056
vn 0.0158 0.9925 -0.1209
vn 0.8040 0.3414 0.4869
vn -0.7651 0.3219 0.5576
vn 0.0866 0.1210 0.9889
vn -0.7641 0.4666 0.4454
vn 0.7939 0.2123 0.5698
vn 0.1362 0.0441 -0.9897
vn 0.0055 0.3980 0.9174
vn -0.7153 0.5286 -0.4571
vn 0.9160 0.0252 -0.4003
vn 0.0892 0.0590 -0.9943
vn 0.1544 0.9639 -0.2168
vn 0.2305 0.9592 -0.1639
vn 0.3045 0.9309 -0.2018
vn 0.3713 0.9169 -0.1464
vn 0.2252 0.9696 -0.0961
vn 0.2919 0.9556 -0.0406
vn 0.3660 0.9273 -0.0786
vn 0.0815 0.9812 -0.1751
vn 0.4772 -0.5512 0.6844
vn 0.3129 0.9318 0.1839
vn 0.4225 0.2251 0.8780
vn 0.7241 -0.1357 -0.6763
vn 0.5758 -0.8176 0.0085
vn 0.4217 0.7063 -0.5686
vn 0.9379 0.3427 0.0534
vn 0.9486 0.3143 -0.0355
vn 0.9511 0.2880 0.1117
vn 0.9736 0.2066 0.0966
vn 0.9842 0.1758 0.0224
vn 0.9710 0.2336 -0.0505
vn 0.3138 0.9152 0.2530
vn 0.4195 -0.4386 0.7948
vn 0.5407 -0.8308 -0.1322
vn 0.5198 -0.2101 -0.8281
vn 0.3426 0.7581 -0.5549
vn 0.2763 0.3458 0.8967
vn 0.4563 -0.2661 -0.8491
vn 0.6912 -0.7187 -0.0758
vn 0.1833 0.7607 -0.6227
vn 0.5900 -0.4019 0.7003
vn -0.0271 0.9795 0.1995
vn 0.2678 0.3677 0.8905
vn 0.2854 0.2720 0.9190
vn 0.3422 0.7605 -0.5519
vn 0.5200 -0.2121 -0.8274
vn 0.5405 -0.8315 -0.1284
vn 0.4134 -0.4182 0.8088
vn 0.3151 0.8992 0.3035
usemtl Blue
s off
f 296/296/186 320/320/186 334/334/186
f 296/296/187 334/334/187 381/381/187
f 297/297/188 327/327/188 395/395/188
f 298/298/189 355/355/189 409/409/189
f 300/300/190 374/374/190 437/437/190
f 296/296/191 381/381/191 396/396/191
f 297/297/192 395/395/192 410/410/192
f 298/298/193 409/409/193 424/424/193
f 299/299/194 423/423/194 438/438/194
f 300/300/195 437/437/195 382/382/195
f 302/302/196 458/458/196 500/500/196
f 303/303/197 465/465/197 507/507/197
f 304/304/198 472/472/198 514/514/198
f 493/493/199 508/508/199 306/306/199
f 492/492/200 515/515/200 493/493/200
f 491/491/201 516/516/201 492/492/201
f 490/490/202 518/518/202 491/491/202
f 493/493/203 515/515/203 508/508/203
f 492/492/204 516/516/204 515/515/204
f 516/516/205 517/517/205 515/515/205
f 491/491/206 518/518/206 516/516/206
f 518/518/207 519/519/207 516/516/207
f 516/516/208 519/519/208 517/517/208
f 519/519/209 520/520/209 517/517/209
f 518/518/210 522/522/210 519/519/210
f 522/522/211 523/523/211 519/519/211
f 519/519/212 523/523/212 520/520/212
f 523/523/213 524/524/213 520/520/213
f 520/520/214 524/524/214 511/511/214
f 524/524/215 512/512/215 511/511/215
f 522/522/216 527/527/216 523/523/216
f 527/527/217 528/528/217 523/523/217
f 523/523/218 528/528/218 524/524/218
f 528/528/219 529/529/219 524/524/219
f 524/524/220 529/529/220 512/512/220
f 529/529/221 513/513/221 512/512/221
f 527/527/222 533/533/222 528/528/222
f 533/533/223 534/534/223 528/528/223
f 528/528/224 534/534/224 529/529/224
f 534/534/225 535/535/225 529/529/225
f 529/529/226 535/535/226 513/513/226
f 535/535/227 514/514/227 513/513/227
f 476/476/228 475/475/228 533/533/228
f 533/533/229 475/475/229 534/534/229
f 475/475/230 474/474/230 534/534/230
f 534/534/231 474/474/231 535/535/231
f 474/474/232 473/473/232 535/535/232
f 535/535/233 473/473/233 514/514/233
f 473/473/234 304/304/234 514/514/234
f 508/508/235 501/501/235 306/306/235
f 512/512/236 542/542/236 511/511/236
f 513/513/237 546/546/237 512/512/237
f 514/514/238 551/551/238 513/513/238
f 512/512/239 546/546/239 542/542/239
f 546/546/240 547/547/240 542/542/240
f 550/550/241 506/506/241 505/505/241
f 513/513/242 551/551/242 546/546/242
f 551/551/243 552/552/243 546/546/243
f 546/546/244 552/552/244 547/547/244
f 552/552/245 553/553/245 547/547/245
f 555/555/246 556/556/246 550/550/246
f 550/550/247 556/556/247 506/506/247
f 556/556/248 507/507/248 506/506/248
f 514/514/249 472/472/249 551/551/249
f 472/472/250 471/471/250 551/551/250
f 551/551/251 471/471/251 552/552/251
f 471/471/252 470/470/252 552/552/252
f 552/552/253 470/470/253 553/553/253
f 470/470/254 469/469/254 553/553/254
f 553/553/255 469/469/255 554/554/255
f 469/469/256 468/468/256 554/554/256
f 554/554/257 468/468/257 555/555/257
f 468/468/258 467/467/258 555/555/258
f 555/555/259 467/467/259 556/556/259
f 467/467/260 466/466/260 556/556/260
f 556/556/261 466/466/261 507/507/261
f 466/466/262 303/303/262 507/507/262
f 501/501/263 494/494/263 306/306/263
f 506/506/264 567/567/264 505/505/264
f 507/507/265 572/572/265 506/506/265
f 501/501/266 557/557/266 494/494/266
f 557/557/267 495/495/267 494/494/267
f 558/558/268 559/559/268 557/557/268
f 557/557/269 559/559/269 495/495/269
f 559/559/270 496/496/270 495/495/270
f 560/560/271 561/561/271 558/558/271
f 558/558/272 561/561/272 559/559/272
f 561/561/273 562/562/273 559/559/273
f 559/559/274 562/562/274 496/496/274
f 562/562/275 497/497/275 496/496/275
f 563/563/276 564/564/276 560/560/276
f 560/560/277 564/564/277 561/561/277
f 564/564/278 565/565/278 561/561/278
f 561/561/279 565/565/279 562/562/279
f 565/565/280 566/566/280 562/562/280
f 562/562/281 566/566/281 497/497/281
f 566/566/282 498/498/282 497/497/282
f 505/505/283 567/567/283 563/563/283
f 567/567/284 568/568/284 563/563/284
f 563/563/285 568/568/285 564/564/285
f 568/568/286 569/569/286 564/564/286
f 564/564/287 569/569/287 565/565/287
f 569/569/288 570/570/288 565/565/288
f 565/565/289 570/570/289 566/566/289
f 570/570/290 571/571/290 566/566/290
f 566/566/291 571/571/291 498/498/291
f 571/571/292 499/499/292 498/498/292
f 506/506/293 572/572/293 567/567/293
f 572/572/294 573/573/294 567/567/294
f 567/567/295 573/573/295 568/568/295
f 573/573/296 574/574/296 568/568/296
f 568/568/297 574/574/297 569/569/297
f 574/574/298 575/575/298 569/569/298
f 569/569/299 575/575/299 570/570/299
f 575/575/300 576/576/300 570/570/300
f 570/570/301 576/576/301 571/571/301
f 576/576/302 577/577/302 571/571/302
f 571/571/303 577/577/303 499/499/303
f 577/577/304 500/500/304 499/499/304
f 507/507/305 465/465/305 572/572/305
f 465/465/306 464/464/306 572/572/306
f 572/572/307 464/464/307 573/573/307
f 464/464/308 463/463/308 573/573/308
f 573/573/309 463/463/309 574/574/309
f 463/463/310 462/462/310 574/574/310
f 574/574/311 462/462/311 575/575/311
f 462/462/312 461/461/312 575/575/312
f 575/575/313 461/461/313 576/576/313
f 461/461/314 460/460/314 576/576/314
f 576/576/315 460/460/315 577/577/315
f 460/460/316 459/459/316 577/577/316
f 577/577/317 459/459/317 500/500/317
f 459/459/318 302/302/318 500/500/318
f 494/494/319 480/480/319 306/306/319
f 495/495/320 578/578/320 494/494/320
f 496/496/321 579/579/321 495/495/321
f 497/497/322 581/581/322 496/496/322
f 499/499/323 588/588/323 498/498/323
f 500/500/324 593/593/324 499/499/324
f 494/494/325 578/578/325 480/480/325
f 578/578/326 481/481/326 480/480/326
f 495/495/327 579/579/327 578/578/327
f 579/579/328 580/580/328 578/578/328
f 578/578/329 580/580/329 481/481/329
f 580/580/330 482/482/330 481/481/330
f 496/496/331 581/581/331 579/579/331
f 581/581/332 582/582/332 579/579/332
f 579/579/333 582/582/333 580/580/333
f 582/582/334 583/583/334 580/580/334
f 580/580/335 583/583/335 482/482/335
f 583/583/336 483/483/336 482/482/336
f 583/583/337 587/587/337 483/483/337
f 587/587/338 484/484/338 483/483/338
f 591/591/339 592/592/339 587/587/339
f 587/587/340 592/592/340 484/484/340
f 592/592/341 485/485/341 484/484/341
f 499/499/342 593/593/342 588/588/342
f 593/593/343 594/594/343 588/588/343
f 596/596/344 597/597/344 591/591/344
f 591/591/345 597/597/345 592/592/345
f 597/597/346 598/598/346 592/592/346
f 592/592/347 598/598/347 485/485/347
f 598/598/348 486/486/348 485/485/348
f 500/500/349 458/458/349 593/593/349
f 458/458/350 457/457/350 593/593/350
f 593/593/351 457/457/351 594/594/351
f 457/457/352 456/456/352 594/594/352
f 594/594/353 456/456/353 595/595/353
f 456/456/354 455/455/354 595/595/354
f 595/595/355 455/455/355 596/596/355
f 455/455/356 454/454/356 596/596/356
f 596/596/357 454/454/357 597/597/357
f 454/454/358 453/453/358 597/597/358
f 597/597/359 453/453/359 598/598/359
f 453/453/360 452/452/360 598/598/360
f 598/598/361 452/452/361 486/486/361
f 480/480/362 493/493/362 306/306/362
f 481/481/363 599/599/363 480/480/363
f 482/482/364 600/600/364 481/481/364
f 483/483/365 602/602/365 482/482/365
f 484/484/366 605/605/366 483/483/366
f 485/485/367 609/609/367 484/484/367
f 486/486/368 614/614/368 485/485/368
f 480/480/369 599/599/369 493/493/369
f 599/599/370 492/492/370 493/493/370
f 481/481/371 600/600/371 599/599/371
f 600/600/372 601/601/372 599/599/372
f 599/599/373 601/601/373 492/492/373
f 601/601/374 491/491/374 492/492/374
f 482/482/375 602/602/375 600/600/375
f 602/602/376 603/603/376 600/600/376
f 600/600/377 603/603/377 601/601/377
f 603/603/378 604/604/378 601/601/378
f 601/601/379 604/604/379 491/491/379
f 604/604/380 490/490/380 491/491/380
f 483/483/381 605/605/381 602/602/381
f 605/605/382 606/606/382 602/602/382
f 602/602/383 606/606/383 603/603/383
f 606/606/384 607/607/384 603/603/384
f 603/603/385 607/607/385 604/604/385
f 607/607/386 608/608/386 604/604/386
f 604/604/387 608/608/387 490/490/387
f 484/484/388 609/609/388 605/605/388
f 609/609/389 610/610/389 605/605/389
f 605/605/390 610/610/390 606/606/390
f 610/610/391 611/611/391 606/606/391
f 606/606/392 611/611/392 607/607/392
f 611/611/393 612/612/393 607/607/393
f 607/607/394 612/612/394 608/608/394
f 485/485/395 614/614/395 609/609/395
f 614/614/396 615/615/396 609/609/396
f 609/609/397 615/615/397 610/610/397
f 615/615/398 616/616/398 610/610/398
f 610/610/399 616/616/399 611/611/399
f 616/616/400 617/617/400 611/611/400
f 611/611/401 617/617/401 612/612/401
f 614/614/402 450/450/402 615/615/402
f 450/450/403 449/449/403 615/615/403
f 615/615/404 449/449/404 616/616/404
f 449/449/405 448/448/405 616/616/405
f 616/616/406 448/448/406 617/617/406
f 448/448/407 447/447/407 617/617/407
f 382/382/408 635/635/408 383/383/408
f 629/629/409 475/475/409 476/476/409
f 630/630/410 631/631/410 626/626/410
f 626/626/411 631/631/411 627/627/411
f 631/631/412 632/632/412 627/627/412
f 627/627/413 632/632/413 628/628/413
f 632/632/414 633/633/414 628/628/414
f 628/628/415 633/633/415 629/629/415
f 633/633/416 634/634/416 629/629/416
f 629/629/417 634/634/417 475/475/417
f 634/634/418 474/474/418 475/475/418
f 383/383/419 635/635/419 630/630/419
f 635/635/420 636/636/420 630/630/420
f 630/630/421 636/636/421 631/631/421
f 636/636/422 637/637/422 631/631/422
f 631/631/423 637/637/423 632/632/423
f 637/637/424 638/638/424 632/632/424
f 632/632/425 638/638/425 633/633/425
f 638/638/426 639/639/426 633/633/426
f 633/633/427 639/639/427 634/634/427
f 639/639/428 640/640/428 634/634/428
f 634/634/429 640/640/429 474/474/429
f 640/640/430 473/473/430 474/474/430
f 382/382/431 437/437/431 635/635/431
f 437/437/432 436/436/432 635/635/432
f 635/635/433 436/436/433 636/636/433
f 436/436/434 435/435/434 636/636/434
f 636/636/435 435/435/435 637/637/435
f 435/435/436 434/434/436 637/637/436
f 637/637/437 434/434/437 638/638/437
f 434/434/438 433/433/438 638/638/438
f 638/638/439 433/433/439 639/639/439
f 433/433/440 432/432/440 639/639/440
f 639/639/441 432/432/441 640/640/441
f 432/432/442 431/431/442 640/640/442
f 640/640/443 431/431/443 473/473/443
f 431/431/444 304/304/444 473/473/444
f 440/440/445 646/646/445 441/441/445
f 439/439/446 650/650/446 440/440/446
f 438/438/447 655/655/447 439/439/447
f 472/472/448 641/641/448 1286/1286/448 1285/1285/448
f 641/641/449 642/642/449 1288/1288/449 1286/1286/449
f 642/642/450 643/643/450 1289/1289/450 1288/1288/450
f 645/645/451 469/469/451 470/470/451
f 441/441/452 646/646/452 643/643/452
f 646/646/453 647/647/453 643/643/453
f 643/643/454 647/647/454 644/644/454
f 647/647/455 648/648/455 644/644/455
f 644/644/456 648/648/456 645/645/456
f 648/648/457 649/649/457 645/645/457
f 645/645/458 649/649/458 469/469/458
f 649/649/459 468/468/459 469/469/459
f 440/440/460 650/650/460 646/646/460
f 650/650/461 651/651/461 646/646/461
f 646/646/462 651/651/462 647/647/462
f 651/651/463 652/652/463 647/647/463
f 647/647/464 652/652/464 648/648/464
f 652/652/465 653/653/465 648/648/465
f 648/648/466 653/653/466 649/649/466
f 653/653/467 654/654/467 649/649/467
f 649/649/468 654/654/468 468/468/468
f 654/654/469 467/467/469 468/468/469
f 439/439/470 655/655/470 650/650/470
f 655/655/471 656/656/471 650/650/471
f 650/650/472 656/656/472 651/651/472
f 656/656/473 657/657/473 651/651/473
f 651/651/474 657/657/474 652/652/474
f 657/657/475 658/658/475 652/652/475
f 652/652/476 658/658/476 653/653/476
f 658/658/477 659/659/477 653/653/477
f 653/653/478 659/659/478 654/654/478
f 659/659/479 660/660/479 654/654/479
f 654/654/480 660/660/480 467/467/480
f 660/660/481 466/466/481 467/467/481
f 438/438/482 423/423/482 655/655/482
f 423/423/483 422/422/483 655/655/483
f 655/655/484 422/422/484 656/656/484
f 422/422/485 421/421/485 656/656/485
f 656/656/486 421/421/486 657/657/486
f 421/421/487 420/420/487 657/657/487
f 657/657/488 420/420/488 658/658/488
f 420/420/489 419/419/489 658/658/489
f 658/658/490 419/419/490 659/659/490
f 419/419/491 418/418/491 659/659/491
f 659/659/492 418/418/492 660/660/492
f 418/418/493 417/417/493 660/660/493
f 660/660/494 417/417/494 466/466/494
f 417/417/495 303/303/495 466/466/495
f 430/430/496 465/465/496 303/303/496
f 429/429/497 661/661/497 430/430/497
f 424/424/498 676/676/498 425/425/498
f 430/430/499 661/661/499 465/465/499
f 661/661/500 464/464/500 465/465/500
f 661/661/501 663/663/501 464/464/501
f 663/663/502 463/463/502 464/464/502
f 670/670/503 461/461/503 462/462/503
f 674/674/504 675/675/504 670/670/504
f 670/670/505 675/675/505 461/461/505
f 675/675/506 460/460/506 461/461/506
f 679/679/507 680/680/507 674/674/507
f 674/674/508 680/680/508 675/675/508
f 680/680/509 681/681/509 675/675/509
f 675/675/510 681/681/510 460/460/510
f 681/681/511 459/459/511 460/460/511
f 424/424/512 409/409/512 676/676/512
f 409/409/513 408/408/513 676/676/513
f 406/406/514 405/405/514 679/679/514
f 679/679/515 405/405/515 680/680/515
f 405/405/516 404/404/516 680/680/516
f 680/680/517 404/404/517 681/681/517
f 404/404/518 403/403/518 681/681/518
f 681/681/519 403/403/519 459/459/519
f 403/403/520 302/302/520 459/459/520
f 416/416/521 458/458/521 302/302/521
f 415/415/522 682/682/522 416/416/522
f 410/410/523 697/697/523 411/411/523
f 416/416/524 682/682/524 458/458/524
f 682/682/525 457/457/525 458/458/525
f 415/415/526 683/683/526 682/682/526
f 683/683/527 684/684/527 682/682/527
f 682/682/528 684/684/528 457/457/528
f 684/684/529 456/456/529 457/457/529
f 683/683/530 686/686/530 684/684/530
f 686/686/531 687/687/531 684/684/531
f 684/684/532 687/687/532 456/456/532
f 687/687/533 455/455/533 456/456/533
f 686/686/534 690/690/534 687/687/534
f 690/690/535 691/691/535 687/687/535
f 687/687/536 691/691/536 455/455/536
f 691/691/537 454/454/537 455/455/537
f 690/690/538 695/695/538 691/691/538
f 695/695/539 696/696/539 691/691/539
f 691/691/540 696/696/540 454/454/540
f 696/696/541 453/453/541 454/454/541
f 700/700/542 701/701/542 695/695/542
f 695/695/543 701/701/543 696/696/543
f 701/701/544 702/702/544 696/696/544
f 696/696/545 702/702/545 453/453/545
f 702/702/546 452/452/546 453/453/546
f 410/410/547 395/395/547 697/697/547
f 395/395/548 394/394/548 697/697/548
f 700/700/549 391/391/549 701/701/549
f 391/391/550 390/390/550 701/701/550
f 701/701/551 390/390/551 702/702/551
f 390/390/552 389/389/552 702/702/552
f 702/702/553 389/389/553 452/452/553
f 399/399/554 706/706/554 400/400/554
f 398/398/555 709/709/555 399/399/555
f 397/397/556 713/713/556 398/398/556
f 396/396/557 718/718/557 397/397/557
f 705/705/558 449/449/558 450/450/558
f 400/400/559 706/706/559 704/704/559
f 706/706/560 707/707/560 704/704/560
f 704/704/561 707/707/561 705/705/561
f 707/707/562 708/708/562 705/705/562
f 705/705/563 708/708/563 449/449/563
f 708/708/564 448/448/564 449/449/564
f 399/399/565 709/709/565 706/706/565
f 709/709/566 710/710/566 706/706/566
f 706/706/567 710/710/567 707/707/567
f 710/710/568 711/711/568 707/707/568
f 707/707/569 711/711/569 708/708/569
f 711/711/570 712/712/570 708/708/570
f 708/708/571 712/712/571 448/448/571
f 712/712/572 447/447/572 448/448/572
f 398/398/573 713/713/573 709/709/573
f 713/713/574 714/714/574 709/709/574
f 709/709/575 714/714/575 710/710/575
f 714/714/576 715/715/576 710/710/576
f 710/710/577 715/715/577 711/711/577
f 715/715/578 716/716/578 711/711/578
f 711/711/579 716/716/579 712/712/579
f 716/716/580 717/717/580 712/712/580
f 712/712/581 717/717/581 447/447/581
f 717/717/582 446/446/582 447/447/582
f 397/397/583 718/718/583 713/713/583
f 718/718/584 719/719/584 713/713/584
f 713/713/585 719/719/585 714/714/585
f 719/719/586 720/720/586 714/714/586
f 714/714/587 720/720/587 715/715/587
f 720/720/588 721/721/588 715/715/588
f 715/715/589 721/721/589 716/716/589
f 721/721/590 722/722/590 716/716/590
f 716/716/591 722/722/591 717/717/591
f 722/722/592 723/723/592 717/717/592
f 717/717/593 723/723/593 446/446/593
f 723/723/594 445/445/594 446/446/594
f 396/396/595 381/381/595 718/718/595
f 381/381/596 380/380/596 718/718/596
f 718/718/597 380/380/597 719/719/597
f 380/380/598 379/379/598 719/719/598
f 719/719/599 379/379/599 720/720/599
f 379/379/600 378/378/600 720/720/600
f 720/720/601 378/378/601 721/721/601
f 378/378/602 377/377/602 721/721/602
f 721/721/603 377/377/603 722/722/603
f 377/377/604 376/376/604 722/722/604
f 722/722/605 376/376/605 723/723/605
f 376/376/606 375/375/606 723/723/606
f 723/723/607 375/375/607 445/445/607
f 433/433/608 725/725/608 432/432/608
f 434/434/609 727/727/609 433/433/609
f 435/435/610 730/730/610 434/434/610
f 436/436/611 734/734/611 435/435/611
f 437/437/612 738/738/612 436/436/612
f 433/433/613 727/727/613 725/725/613
f 727/727/614 728/728/614 725/725/614
f 434/434/615 730/730/615 727/727/615
f 730/730/616 731/731/616 727/727/616
f 727/727/617 731/731/617 728/728/617
f 731/731/618 732/732/618 728/728/618
f 728/728/619 732/732/619 729/729/619
f 732/732/620 733/733/620 729/729/620
f 729/729/621 733/733/621 441/441/621
f 733/733/622 440/440/622 441/441/622
f 435/435/623 734/734/623 730/730/623
f 734/734/624 735/735/624 730/730/624
f 730/730/625 735/735/625 731/731/625
f 732/732/626 736/736/626 733/733/626
f 736/736/627 737/737/627 733/733/627
f 733/733/628 737/737/628 440/440/628
f 737/737/629 439/439/629 440/440/629
f 436/436/630 738/738/630 734/734/630
f 738/738/631 739/739/631 734/734/631
f 734/734/632 739/739/632 735/735/632
f 737/737/633 740/740/633 439/439/633
f 740/740/634 438/438/634 439/439/634
f 437/437/635 374/374/635 738/738/635
f 374/374/636 373/373/636 738/738/636
f 738/738/637 373/373/637 739/739/637
f 373/373/638 372/372/638 739/739/638
f 371/371/639 370/370/639 740/740/639
f 740/740/640 370/370/640 438/438/640
f 370/370/641 299/299/641 438/438/641
f 417/417/642 430/430/642 303/303/642
f 418/418/643 741/741/643 417/417/643
f 419/419/644 742/742/644 418/418/644
f 420/420/645 744/744/645 419/419/645
f 421/421/646 747/747/646 420/420/646
f 422/422/647 751/751/647 421/421/647
f 417/417/648 741/741/648 430/430/648
f 741/741/649 429/429/649 430/430/649
f 418/418/650 742/742/650 741/741/650
f 742/742/651 743/743/651 741/741/651
f 741/741/652 743/743/652 429/429/652
f 419/419/653 744/744/653 742/742/653
f 744/744/654 745/745/654 742/742/654
f 742/742/655 745/745/655 743/743/655
f 745/745/656 746/746/656 743/743/656
f 420/420/657 747/747/657 744/744/657
f 747/747/658 748/748/658 744/744/658
f 744/744/659 748/748/659 745/745/659
f 748/748/660 749/749/660 745/745/660
f 745/745/661 749/749/661 746/746/661
f 749/749/662 750/750/662 746/746/662
f 421/421/663 751/751/663 747/747/663
f 751/751/664 752/752/664 747/747/664
f 747/747/665 752/752/665 748/748/665
f 752/752/666 753/753/666 748/748/666
f 748/748/667 753/753/667 749/749/667
f 753/753/668 754/754/668 749/749/668
f 749/749/669 754/754/669 750/750/669
f 754/754/670 755/755/670 750/750/670
f 753/753/671 759/759/671 754/754/671
f 759/759/672 760/760/672 754/754/672
f 754/754/673 760/760/673 755/755/673
f 760/760/674 761/761/674 755/755/674
f 755/755/675 761/761/675 425/425/675
f 761/761/676 424/424/676 425/425/676
f 366/366/677 365/365/677 759/759/677
f 759/759/678 365/365/678 760/760/678
f 365/365/679 364/364/679 760/760/679
f 760/760/680 364/364/680 761/761/680
f 364/364/681 363/363/681 761/761/681
f 761/761/682 363/363/682 424/424/682
f 363/363/683 298/298/683 424/424/683
f 403/403/684 416/416/684 302/302/684
f 404/404/685 762/762/685 403/403/685
f 405/405/686 763/763/686 404/404/686
f 406/406/687 765/765/687 405/405/687
f 409/409/688 777/777/688 408/408/688
f 403/403/689 762/762/689 416/416/689
f 762/762/690 415/415/690 416/416/690
f 404/404/691 763/763/691 762/762/691
f 763/763/692 764/764/692 762/762/692
f 762/762/693 764/764/693 415/415/693
f 405/405/694 765/765/694 763/763/694
f 765/765/695 766/766/695 763/763/695
f 763/763/696 766/766/696 764/764/696
f 406/406/697 768/768/697 765/765/697
f 768/768/698 769/769/698 765/765/698
f 765/765/699 769/769/699 766/766/699
f 769/769/700 770/770/700 766/766/700
f 772/772/701 773/773/701 768/768/701
f 768/768/702 773/773/702 769/769/702
f 773/773/703 774/774/703 769/769/703
f 769/769/704 774/774/704 770/770/704
f 774/774/705 775/775/705 770/770/705
f 408/408/706 777/777/706 772/772/706
f 777/777/707 778/778/707 772/772/707
f 772/772/708 778/778/708 773/773/708
f 778/778/709 779/779/709 773/773/709
f 773/773/710 779/779/710 774/774/710
f 779/779/711 780/780/711 774/774/711
f 774/774/712 780/780/712 775/775/712
f 780/780/713 781/781/713 775/775/713
f 775/775/714 781/781/714 776/776/714
f 781/781/715 782/782/715 776/776/715
f 776/776/716 782/782/716 411/411/716
f 782/782/717 410/410/717 411/411/717
f 409/409/718 355/355/718 777/777/718
f 355/355/719 354/354/719 777/777/719
f 777/777/720 354/354/720 778/778/720
f 781/781/721 350/350/721 782/782/721
f 350/350/722 349/349/722 782/782/722
f 782/782/723 349/349/723 410/410/723
f 349/349/724 297/297/724 410/410/724
f 391/391/725 784/784/725 390/390/725
f 395/395/726 798/798/726 394/394/726
f 695/695/727 690/690/727 1024/1024/727 1025/1025/727
f 630/630/727 626/626/727 1008/1008/727 1012/1012/727
f 553/553/727 554/554/727 989/989/727 988/988/727
f 520/520/727 511/511/727 977/977/727 980/980/727
f 781/781/727 780/780/727 1050/1050/727 1051/1051/727
f 391/391/728 786/786/728 784/784/728
f 786/786/729 787/787/729 784/784/729
f 897/897/727 902/902/727 1089/1089/727 1088/1088/727
f 787/787/727 791/791/727 1056/1056/727 1054/1054/727
f 780/780/727 779/779/727 1049/1049/727 1050/1050/727
f 826/826/730 340/340/730 938/938/730 1066/1066/730
f 629/629/727 476/476/727 970/970/727 1011/1011/727
f 789/789/731 790/790/731 786/786/731
f 786/786/732 790/790/732 787/787/732
f 790/790/733 791/791/733 787/787/733
f 583/583/727 582/582/727 996/996/727 997/997/727
f 779/779/727 778/778/727 1048/1048/727 1049/1049/727
f 588/588/727 594/594/727 1001/1001/727 999/999/727
f 792/792/734 398/398/734 399/399/734
f 563/563/735 560/560/735 993/993/735 994/994/735
f 793/793/736 794/794/736 789/789/736
f 789/789/737 794/794/737 790/790/737
f 794/794/738 795/795/738 790/790/738
f 790/790/739 795/795/739 791/791/739
f 795/795/740 796/796/740 791/791/740
f 791/791/741 796/796/741 792/792/741
f 796/796/742 797/797/742 792/792/742
f 792/792/743 797/797/743 398/398/743
f 797/797/744 397/397/744 398/398/744
f 394/394/745 798/798/745 793/793/745
f 798/798/746 799/799/746 793/793/746
f 793/793/747 799/799/747 794/794/747
f 799/799/748 800/800/748 794/794/748
f 794/794/749 800/800/749 795/795/749
f 800/800/750 801/801/750 795/795/750
f 795/795/751 801/801/751 796/796/751
f 801/801/752 802/802/752 796/796/752
f 796/796/753 802/802/753 797/797/753
f 802/802/754 803/803/754 797/797/754
f 797/797/755 803/803/755 397/397/755
f 803/803/756 396/396/756 397/397/756
f 395/395/757 327/327/757 798/798/757
f 327/327/758 326/326/758 798/798/758
f 798/798/759 326/326/759 799/799/759
f 326/326/760 325/325/760 799/799/760
f 799/799/761 325/325/761 800/800/761
f 325/325/762 324/324/762 800/800/762
f 800/800/763 324/324/763 801/801/763
f 324/324/764 323/323/764 801/801/764
f 801/801/765 323/323/765 802/802/765
f 323/323/766 322/322/766 802/802/766
f 802/802/767 322/322/767 803/803/767
f 322/322/768 321/321/768 803/803/768
f 803/803/769 321/321/769 396/396/769
f 321/321/770 296/296/770 396/396/770
f 750/750/771 755/755/771 1036/1036/771 1035/1035/771
f 663/663/727 661/661/727 1016/1016/727 1017/1017/727
f 377/377/772 805/805/772 376/376/772
f 378/378/773 807/807/773 377/377/773
f 379/379/774 810/810/774 378/378/774
f 380/380/775 814/814/775 379/379/775
f 381/381/776 819/819/776 380/380/776
f 582/582/727 581/581/727 995/995/727 996/996/727
f 617/617/727 447/447/727 965/965/727 1007/1007/727
f 348/348/727 362/362/727 930/930/727 929/929/727
f 725/725/777 728/728/777 1032/1032/777 1030/1030/777
f 789/789/727 786/786/727 1053/1053/727 1055/1055/727
f 868/868/727 870/870/727 1075/1075/727 1074/1074/727
f 377/377/778 807/807/778 805/805/778
f 581/581/727 497/497/727 972/972/727 995/995/727
f 778/778/727 354/354/727 940/940/727 1048/1048/727
f 527/527/727 522/522/727 982/982/727 983/983/727
f 775/775/727 776/776/727 1045/1045/727 1047/1047/727
f 462/462/727 463/463/727 969/969/727 968/968/727
f 378/378/779 810/810/779 807/807/779
f 810/810/780 811/811/780 807/807/780
f 340/340/727 887/887/727 1084/1084/727 938/938/727
f 591/591/727 587/587/727 998/998/727 1000/1000/727
f 614/614/727 486/486/727 935/935/727 1006/1006/727
f 354/354/727 868/868/727 1074/1074/727 940/940/727
f 560/560/727 558/558/727 992/992/727 993/993/727
f 784/784/727 787/787/727 1054/1054/727 1052/1052/727
f 379/379/781 814/814/781 810/810/781
f 814/814/782 815/815/782 810/810/782
f 810/810/783 815/815/783 811/811/783
f 815/815/784 816/816/784 811/811/784
f 441/441/785 643/643/785 1015/1015/785 962/962/785
f 555/555/727 550/550/727 987/987/727 990/990/727
f 406/406/727 679/679/727 1021/1021/727 953/953/727
f 450/450/727 614/614/727 1006/1006/727 966/966/727
f 690/690/727 686/686/727 1023/1023/727 1024/1024/727
f 432/432/786 725/725/786 1030/1030/786 961/961/786
f 380/380/787 819/819/787 814/814/787
f 819/819/788 820/820/788 814/814/788
f 814/814/789 820/820/789 815/815/789
f 820/820/790 821/821/790 815/815/790
f 815/815/791 821/821/791 816/816/791
f 821/821/792 822/822/792 816/816/792
f 816/816/793 822/822/793 817/817/793
f 822/822/794 823/823/794 817/817/794
f 408/408/727 772/772/727 1046/1046/727 954/954/727
f 823/823/795 824/824/795 818/818/795
f 818/818/796 824/824/796 383/383/796
f 824/824/797 382/382/797 383/383/797
f 381/381/798 334/334/798 819/819/798
f 334/334/799 333/333/799 819/819/799
f 819/819/800 333/333/800 820/820/800
f 333/333/801 332/332/801 820/820/801
f 820/820/802 332/332/802 821/821/802
f 332/332/803 331/331/803 821/821/803
f 821/821/804 331/331/804 822/822/804
f 331/331/805 330/330/805 822/822/805
f 822/822/806 330/330/806 823/823/806
f 330/330/807 329/329/807 823/823/807
f 823/823/808 329/329/808 824/824/808
f 329/329/809 328/328/809 824/824/809
f 824/824/810 328/328/810 382/382/810
f 328/328/811 300/300/811 382/382/811
f 341/341/812 374/374/812 300/300/812
f 340/340/813 825/825/813 341/341/813
f 928/928/727 922/922/727 1094/1094/727 1095/1095/727
f 893/893/727 897/897/727 1088/1088/727 1087/1087/727
f 786/786/727 391/391/727 949/949/727 1053/1053/727
f 776/776/727 411/411/727 955/955/727 1045/1045/727
f 362/362/727 839/839/727 1070/1070/727 930/930/727
f 341/341/814 825/825/814 374/374/814
f 825/825/815 373/373/815 374/374/815
f 340/340/816 826/826/816 825/825/816
f 826/826/817 827/827/817 825/825/817
f 825/825/818 827/827/818 373/373/818
f 827/827/819 372/372/819 373/373/819
f 811/811/727 816/816/727 1063/1063/727 1061/1061/727
f 828/828/820 829/829/820 826/826/820
f 826/826/821 829/829/821 827/827/821
f 829/829/822 830/830/822 827/827/822
f 827/827/823 830/830/823 372/372/823
f 356/356/824 357/357/824 942/942/824 941/941/824
f 831/831/825 832/832/825 828/828/825
f 828/828/826 832/832/826 829/829/826
f 832/832/827 833/833/827 829/829/827
f 829/829/828 833/833/828 830/830/828
f 746/746/829 750/750/829 1035/1035/829 1034/1034/829
f 834/834/830 835/835/830 831/831/830
f 831/831/831 835/835/831 832/832/831
f 835/835/832 836/836/832 832/832/832
f 832/832/833 836/836/833 833/833/833
f 836/836/834 837/837/834 833/833/834
f 558/558/835 557/557/835 991/991/835 992/992/835
f 839/839/836 840/840/836 834/834/836
f 834/834/837 840/840/837 835/835/837
f 840/840/838 841/841/838 835/835/838
f 835/835/839 841/841/839 836/836/839
f 841/841/840 842/842/840 836/836/840
f 836/836/841 842/842/841 837/837/841
f 842/842/842 843/843/842 837/837/842
f 837/837/843 843/843/843 838/838/843
f 843/843/844 844/844/844 838/838/844
f 838/838/845 844/844/845 371/371/845
f 844/844/846 370/370/846 371/371/846
f 299/299/727 356/356/727 941/941/727 931/931/727
f 362/362/847 361/361/847 839/839/847
f 839/839/848 361/361/848 840/840/848
f 361/361/849 360/360/849 840/840/849
f 840/840/850 360/360/850 841/841/850
f 360/360/851 359/359/851 841/841/851
f 841/841/852 359/359/852 842/842/852
f 359/359/853 358/358/853 842/842/853
f 842/842/854 358/358/854 843/843/854
f 358/358/855 357/357/855 843/843/855
f 843/843/856 357/357/856 844/844/856
f 357/357/857 356/356/857 844/844/857
f 844/844/858 356/356/858 370/370/858
f 356/356/859 299/299/859 370/370/859
f 917/917/727 916/916/727 1092/1092/727 1093/1093/727
f 846/846/727 849/849/727 1073/1073/727 1071/1071/727
f 358/358/860 846/846/860 357/357/860
f 359/359/861 848/848/861 358/358/861
f 360/360/862 851/851/862 359/359/862
f 361/361/863 855/855/863 360/360/863
f 362/362/864 860/860/864 361/361/864
f 916/916/727 915/915/727 1091/1091/727 1092/1092/727
f 676/676/727 408/408/727 954/954/727 1020/1020/727
f 547/547/727 553/553/727 988/988/727 986/986/727
f 498/498/727 588/588/727 999/999/727 973/973/727
f 390/390/727 784/784/727 1052/1052/727 948/948/727
f 884/884/727 885/885/727 1083/1083/727 1082/1082/727
f 358/358/865 848/848/865 846/846/865
f 848/848/866 849/849/866 846/846/866
f 915/915/727 914/914/727 1090/1090/727 1091/1091/727
f 522/522/727 518/518/727 981/981/727 982/982/727
f 557/557/867 501/501/867 974/974/867 991/991/867
f 883/883/727 884/884/727 1082/1082/727 1081/1081/727
f 359/359/868 851/851/868 848/848/868
f 851/851/869 852/852/869 848/848/869
f 848/848/870 852/852/870 849/849/870
f 852/852/871 853/853/871 849/849/871
f 849/849/872 853/853/872 850/850/872
f 853/853/873 854/854/873 850/850/873
f 850/850/874 854/854/874 366/366/874
f 854/854/875 365/365/875 366/366/875
f 360/360/876 855/855/876 851/851/876
f 855/855/877 856/856/877 851/851/877
f 851/851/878 856/856/878 852/852/878
f 856/856/879 857/857/879 852/852/879
f 852/852/880 857/857/880 853/853/880
f 857/857/881 858/858/881 853/853/881
f 853/853/882 858/858/882 854/854/882
f 858/858/883 859/859/883 854/854/883
f 854/854/884 859/859/884 365/365/884
f 859/859/885 364/364/885 365/365/885
f 361/361/886 860/860/886 855/855/886
f 860/860/887 861/861/887 855/855/887
f 855/855/888 861/861/888 856/856/888
f 861/861/889 862/862/889 856/856/889
f 856/856/890 862/862/890 857/857/890
f 862/862/891 863/863/891 857/857/891
f 857/857/892 863/863/892 858/858/892
f 863/863/893 864/864/893 858/858/893
f 858/858/894 864/864/894 859/859/894
f 864/864/895 865/865/895 859/859/895
f 859/859/896 865/865/896 364/364/896
f 865/865/897 363/363/897 364/364/897
f 362/362/898 348/348/898 860/860/898
f 348/348/899 347/347/899 860/860/899
f 860/860/900 347/347/900 861/861/900
f 347/347/901 346/346/901 861/861/901
f 861/861/902 346/346/902 862/862/902
f 346/346/903 345/345/903 862/862/903
f 862/862/904 345/345/904 863/863/904
f 345/345/905 344/344/905 863/863/905
f 863/863/906 344/344/906 864/864/906
f 344/344/907 343/343/907 864/864/907
f 864/864/908 343/343/908 865/865/908
f 343/343/909 342/342/909 865/865/909
f 865/865/910 342/342/910 363/363/910
f 342/342/911 298/298/911 363/363/911
f 342/342/912 355/355/912 298/298/912
f 343/343/913 866/866/913 342/342/913
f 344/344/914 867/867/914 343/343/914
f 345/345/915 869/869/915 344/344/915
f 346/346/916 872/872/916 345/345/916
f 347/347/917 876/876/917 346/346/917
f 348/348/918 881/881/918 347/347/918
f 342/342/919 866/866/919 355/355/919
f 866/866/920 354/354/920 355/355/920
f 343/343/921 867/867/921 866/866/921
f 867/867/922 868/868/922 866/866/922
f 866/866/923 868/868/923 354/354/923
f 704/704/727 705/705/727 1029/1029/727 1028/1028/727
f 344/344/924 869/869/924 867/867/924
f 869/869/925 870/870/925 867/867/925
f 867/867/926 870/870/926 868/868/926
f 914/914/727 311/311/727 936/936/727 1090/1090/727
f 612/612/727 617/617/727 1007/1007/727 1005/1005/727
f 587/587/727 583/583/727 997/997/727 998/998/727
f 345/345/927 872/872/927 869/869/927
f 872/872/928 873/873/928 869/869/928
f 869/869/929 873/873/929 870/870/929
f 400/400/727 704/704/727 1028/1028/727 952/952/727
f 472/472/930 304/304/930 933/933/930 934/934/930
f 686/686/727 683/683/727 1022/1022/727 1023/1023/727
f 882/882/727 881/881/727 1079/1079/727 1080/1080/727
f 399/399/727 400/400/727 952/952/727 951/951/727
f 346/346/931 876/876/931 872/872/931
f 876/876/932 877/877/932 872/872/932
f 872/872/933 877/877/933 873/873/933
f 311/311/727 882/882/727 1080/1080/727 936/936/727
f 890/890/727 893/893/727 1087/1087/727 1086/1086/727
f 881/881/727 348/348/727 929/929/727 1079/1079/727
f 550/550/934 505/505/934 975/975/934 987/987/934
f 517/517/727 520/520/727 980/980/727 979/979/727
f 357/357/935 846/846/935 1071/1071/935 942/942/935
f 743/743/936 746/746/936 1034/1034/936 1033/1033/936
f 347/347/937 881/881/937 876/876/937
f 881/881/938 882/882/938 876/876/938
f 876/876/939 882/882/939 877/877/939
f 882/882/940 883/883/940 877/877/940
f 679/679/727 674/674/727 1019/1019/727 1021/1021/727
f 807/807/727 811/811/727 1061/1061/727 1060/1060/727
f 452/452/727 389/389/727 947/947/727 967/967/727
f 922/922/727 917/917/727 1093/1093/727 1094/1094/727
f 447/447/727 446/446/727 964/964/727 965/965/727
f 885/885/941 886/886/941 880/880/941
f 880/880/942 886/886/942 350/350/942
f 886/886/943 349/349/943 350/350/943
f 497/497/727 498/498/727 973/973/727 972/972/727
f 770/770/727 775/775/727 1047/1047/727 1044/1044/727
f 839/839/727 834/834/727 1069/1069/727 1070/1070/727
f 683/683/727 415/415/727 956/956/727 1022/1022/727
f 882/882/944 311/311/944 883/883/944
f 311/311/945 310/310/945 883/883/945
f 883/883/946 310/310/946 884/884/946
f 310/310/947 309/309/947 884/884/947
f 884/884/948 309/309/948 885/885/948
f 309/309/949 308/308/949 885/885/949
f 885/885/950 308/308/950 886/886/950
f 308/308/951 307/307/951 886/886/951
f 886/886/952 307/307/952 349/349/952
f 307/307/953 297/297/953 349/349/953
f 328/328/954 341/341/954 300/300/954
f 329/329/955 887/887/955 328/328/955
f 330/330/956 888/888/956 329/329/956
f 331/331/957 890/890/957 330/330/957
f 332/332/958 893/893/958 331/331/958
f 333/333/959 897/897/959 332/332/959
f 334/334/960 902/902/960 333/333/960
f 328/328/961 887/887/961 341/341/961
f 887/887/962 340/340/962 341/341/962
f 329/329/963 888/888/963 887/887/963
f 446/446/727 445/445/727 963/963/727 964/964/727
f 423/423/727 299/299/727 931/931/727 932/932/727
f 888/888/727 890/890/727 1086/1086/727 1085/1085/727
f 330/330/964 890/890/964 888/888/964
f 501/501/727 508/508/727 976/976/727 974/974/727
f 885/885/727 880/880/727 1077/1077/727 1083/1083/727
f 515/515/727 517/517/727 979/979/727 978/978/727
f 429/429/727 743/743/727 1033/1033/727 959/959/727
f 880/880/727 350/350/727 939/939/727 1077/1077/727
f 331/331/965 893/893/965 890/890/965
f 608/608/727 612/612/727 1005/1005/727 1004/1004/727
f 542/542/727 547/547/727 986/986/727 985/985/727
f 391/391/727 700/700/727 1027/1027/727 949/949/727
f 425/425/966 676/676/966 1020/1020/966 958/958/966
f 389/389/727 390/390/727 948/948/727 947/947/727
f 508/508/727 515/515/727 978/978/727 976/976/727
f 772/772/727 768/768/727 1043/1043/727 1046/1046/727
f 332/332/967 897/897/967 893/893/967
f 805/805/727 807/807/727 1060/1060/727 1059/1059/727
f 887/887/727 888/888/727 1085/1085/727 1084/1084/727
f 394/394/727 793/793/727 1058/1058/727 950/950/727
f 877/877/727 883/883/727 1081/1081/727 1078/1078/727
f 486/486/727 452/452/727 967/967/727 935/935/727
f 728/728/968 729/729/968 1031/1031/968 1032/1032/968
f 791/791/727 792/792/727 1057/1057/727 1056/1056/727
f 674/674/727 670/670/727 1018/1018/727 1019/1019/727
f 476/476/727 533/533/727 984/984/727 970/970/727
f 333/333/969 902/902/969 897/897/969
f 463/463/727 663/663/727 1017/1017/727 969/969/727
f 643/643/970 642/642/970 1014/1014/970 1015/1015/970
f 383/383/727 630/630/727 1012/1012/727 946/946/727
f 505/505/971 563/563/971 994/994/971 975/975/971
f 661/661/727 429/429/727 959/959/727 1016/1016/727
f 366/366/727 759/759/727 1040/1040/727 943/943/727
f 697/697/727 394/394/727 950/950/727 1026/1026/727
f 766/766/727 770/770/727 1044/1044/727 1042/1042/727
f 834/834/727 831/831/727 1068/1068/727 1069/1069/727
f 376/376/727 805/805/727 1059/1059/727 945/945/727
f 729/729/972 441/441/972 962/962/972 1031/1031/972
f 334/334/973 320/320/973 902/902/973
f 490/490/727 608/608/727 1004/1004/727 971/971/727
f 628/628/727 629/629/727 1011/1011/727 1010/1010/727
f 627/627/727 628/628/727 1010/1010/727 1009/1009/727
f 511/511/727 542/542/727 985/985/727 977/977/727
f 642/642/974 641/641/974 1013/1013/974 1014/1014/974
f 626/626/727 627/627/727 1009/1009/727 1008/1008/727
f 595/595/727 596/596/727 1003/1003/727 1002/1002/727
f 768/768/727 406/406/727 953/953/727 1043/1043/727
f 431/431/975 432/432/975 961/961/975 960/960/975
f 641/641/976 472/472/976 934/934/976 1013/1013/976
f 594/594/727 595/595/727 1002/1002/727 1001/1001/727
f 304/304/977 431/431/977 960/960/977 933/933/977
f 670/670/727 462/462/727 968/968/727 1018/1018/727
f 307/307/978 327/327/978 297/297/978
f 308/308/979 908/908/979 307/307/979
f 309/309/980 909/909/980 308/308/980
f 310/310/981 911/911/981 309/309/981
f 311/311/982 914/914/982 310/310/982
f 705/705/727 450/450/727 966/966/727 1029/1029/727
f 700/700/727 695/695/727 1025/1025/727 1027/1027/727
f 307/307/983 908/908/983 327/327/983
f 908/908/984 326/326/984 327/327/984
f 308/308/985 909/909/985 908/908/985
f 909/909/986 910/910/986 908/908/986
f 908/908/987 910/910/987 326/326/987
f 910/910/988 325/325/988 326/326/988
f 309/309/989 911/911/989 909/909/989
f 911/911/990 912/912/990 909/909/990
f 909/909/991 912/912/991 910/910/991
f 912/912/992 913/913/992 910/910/992
f 910/910/993 913/913/993 325/325/993
f 913/913/994 324/324/994 325/325/994
f 310/310/995 914/914/995 911/911/995
f 914/914/996 915/915/996 911/911/996
f 911/911/997 915/915/997 912/912/997
f 915/915/998 916/916/998 912/912/998
f 912/912/999 916/916/999 913/913/999
f 916/916/1000 917/917/1000 913/913/1000
f 913/913/1001 917/917/1001 324/324/1001
f 917/917/1002 323/323/1002 324/324/1002
f 902/902/727 320/320/727 937/937/727 1089/1089/727
f 764/764/727 766/766/727 1042/1042/727 1041/1041/727
f 753/753/1003 752/752/1003 1038/1038/1003 1039/1039/1003
f 445/445/727 375/375/727 944/944/727 963/963/727
f 849/849/727 850/850/727 1072/1072/727 1073/1073/727
f 873/873/727 877/877/727 1078/1078/727 1076/1076/727
f 831/831/727 828/828/727 1067/1067/727 1068/1068/727
f 752/752/727 751/751/727 1037/1037/727 1038/1038/727
f 917/917/1004 922/922/1004 323/323/1004
f 922/922/1005 322/322/1005 323/323/1005
f 375/375/727 376/376/727 945/945/727 944/944/727
f 751/751/727 422/422/727 957/957/727 1037/1037/727
f 755/755/1006 425/425/1006 958/958/1006 1036/1036/1006
f 850/850/727 366/366/727 943/943/727 1072/1072/727
f 415/415/727 764/764/727 1041/1041/727 956/956/727
f 816/816/727 817/817/727 1064/1064/727 1063/1063/727
f 533/533/727 527/527/727 983/983/727 984/984/727
f 759/759/1007 753/753/1007 1039/1039/1007 1040/1040/1007
f 422/422/727 423/423/727 932/932/727 957/957/727
f 411/411/727 697/697/727 1026/1026/727 955/955/727
f 922/922/1008 928/928/1008 322/322/1008
f 928/928/1009 321/321/1009 322/322/1009
f 793/793/727 789/789/727 1055/1055/727 1058/1058/727
f 828/828/1010 826/826/1010 1066/1066/1010 1067/1067/1010
f 320/320/727 928/928/727 1095/1095/727 937/937/727
f 823/823/727 818/818/727 1062/1062/727 1065/1065/727
f 818/818/727 383/383/727 946/946/727 1062/1062/727
f 596/596/727 591/591/727 1000/1000/727 1003/1003/727
f 350/350/727 781/781/727 1051/1051/727 939/939/727
f 817/817/727 823/823/727 1065/1065/727 1064/1064/727
f 792/792/727 399/399/727 951/951/727 1057/1057/727
f 870/870/727 873/873/727 1076/1076/727 1075/1075/727
f 554/554/727 555/555/727 990/990/727 989/989/727
f 518/518/727 490/490/727 971/971/727 981/981/727
f 928/928/1011 320/320/1011 321/321/1011
f 320/320/1012 296/296/1012 321/321/1012
f 944/944/1013 945/945/1013 757/757/1013 758/758/1013
usemtl Green
f 698/698/1014 1179/1179/1014 918/918/1014
f 688/688/1015 1188/1188/1015 689/689/1015
f 689/689/1016 1185/1185/1016 692/692/1016
f 692/692/1017 1183/1183/1017 693/693/1017
f 694/694/1018 1179/1179/1018 698/698/1018
f 698/698/1019 918/918/1019 907/907/1019
f 809/809/1020 812/812/1020 1178/1178/1020
f 1177/1177/1021 809/809/1021 1178/1178/1021
f 808/808/1022 809/809/1022 1177/1177/1022
f 1176/1176/1023 808/808/1023 1177/1177/1023
f 806/806/1024 808/808/1024 1176/1176/1024
f 1175/1175/1025 806/806/1025 1176/1176/1025
f 804/804/1026 806/806/1026 1175/1175/1026
f 1172/1172/1027 669/669/1027 668/668/1027
f 1169/1169/1028 1172/1172/1028 668/668/1028
f 1174/1174/1029 1172/1172/1029 1169/1169/1029
f 1171/1171/1030 1174/1174/1030 1169/1169/1030
f 672/672/1031 1173/1173/1031 1170/1170/1031
f 1169/1169/1032 668/668/1032 667/667/1032
f 1167/1167/1033 1169/1169/1033 667/667/1033
f 1171/1171/1034 1169/1169/1034 1167/1167/1034
f 1168/1168/1035 1171/1171/1035 1167/1167/1035
f 1167/1167/1036 667/667/1036 666/666/1036
f 1166/1166/1037 1167/1167/1037 666/666/1037
f 1168/1168/1038 1167/1167/1038 1166/1166/1038
f 1166/1166/1039 666/666/1039 665/665/1039
f 671/671/1040 1173/1173/1040 672/672/1040
f 672/672/1041 1170/1170/1041 673/673/1041
f 1164/1164/1042 783/783/1042 1165/1165/1042
f 771/771/1043 783/783/1043 1164/1164/1043
f 1163/1163/1044 771/771/1044 1164/1164/1044
f 767/767/1045 771/771/1045 1163/1163/1045
f 1162/1162/1046 767/767/1046 1163/1163/1046
f 923/923/1047 767/767/1047 1162/1162/1047
f 906/906/1048 923/923/1048 1162/1162/1048
f 1164/1164/1049 1165/1165/1049 1161/1161/1049
f 1160/1160/1050 1164/1164/1050 1161/1161/1050
f 1163/1163/1051 1164/1164/1051 1160/1160/1051
f 1159/1159/1052 1163/1163/1052 1160/1160/1052
f 1162/1162/1053 1163/1163/1053 1159/1159/1053
f 664/664/1054 1162/1162/1054 1159/1159/1054
f 1158/1158/1055 662/662/1055 625/625/1055
f 1157/1157/1056 1158/1158/1056 625/625/1056
f 1157/1157/1057 625/625/1057 624/624/1057
f 1156/1156/1058 1157/1157/1058 624/624/1058
f 1156/1156/1059 624/624/1059 623/623/1059
f 1155/1155/1060 1156/1156/1060 623/623/1060
f 1155/1155/1061 623/623/1061 622/622/1061
f 906/906/1062 1162/1162/1062 664/664/1062
f 758/758/1063 919/919/1063 590/590/1063
f 1147/1147/1064 1149/1149/1064 585/585/1064
f 1148/1148/1065 1149/1149/1065 1147/1147/1065
f 677/677/1066 1148/1148/1066 1147/1147/1066
f 1147/1147/1067 585/585/1067 903/903/1067
f 918/918/1068 1147/1147/1068 903/903/1068
f 678/678/1069 1148/1148/1069 677/677/1069
f 677/677/1070 1147/1147/1070 918/918/1070
f 918/918/1071 903/903/1071 907/907/1071
f 698/698/1072 907/907/1072 584/584/1072
f 692/692/1073 693/693/1073 1146/1146/1073
f 1145/1145/1074 692/692/1074 1146/1146/1074
f 689/689/1075 692/692/1075 1145/1145/1075
f 1144/1144/1076 689/689/1076 1145/1145/1076
f 688/688/1077 689/689/1077 1144/1144/1077
f 1143/1143/1078 688/688/1078 1144/1144/1078
f 1141/1141/1079 1146/1146/1079 1142/1142/1079
f 1145/1145/1080 1146/1146/1080 1141/1141/1080
f 1140/1140/1081 1145/1145/1081 1141/1141/1081
f 1144/1144/1082 1145/1145/1082 1140/1140/1082
f 1139/1139/1083 1144/1144/1083 1140/1140/1083
f 1143/1143/1084 1144/1144/1084 1139/1139/1084
f 669/669/1085 1143/1143/1085 1139/1139/1085
f 1141/1141/1086 1142/1142/1086 1138/1138/1086
f 1137/1137/1087 1141/1141/1087 1138/1138/1087
f 1140/1140/1088 1141/1141/1088 1137/1137/1088
f 1136/1136/1089 1140/1140/1089 1137/1137/1089
f 1139/1139/1090 1140/1140/1090 1136/1136/1090
f 668/668/1091 1139/1139/1091 1136/1136/1091
f 1137/1137/1092 1138/1138/1092 1135/1135/1092
f 1134/1134/1093 1137/1137/1093 1135/1135/1093
f 1136/1136/1094 1137/1137/1094 1134/1134/1094
f 667/667/1095 1136/1136/1095 1134/1134/1095
f 1134/1134/1096 1135/1135/1096 1133/1133/1096
f 666/666/1097 1134/1134/1097 1133/1133/1097
f 669/669/1098 1139/1139/1098 668/668/1098
f 668/668/1099 1136/1136/1099 667/667/1099
f 667/667/1100 1134/1134/1100 666/666/1100
f 666/666/1101 1133/1133/1101 665/665/1101
f 1131/1131/1102 673/673/1102 1132/1132/1102
f 672/672/1103 673/673/1103 1131/1131/1103
f 1130/1130/1104 672/672/1104 1131/1131/1104
f 671/671/1105 672/672/1105 1130/1130/1105
f 1129/1129/1106 671/671/1106 1130/1130/1106
f 1127/1127/1107 1132/1132/1107 1128/1128/1107
f 1131/1131/1108 1132/1132/1108 1127/1127/1108
f 1126/1126/1109 1131/1131/1109 1127/1127/1109
f 1130/1130/1110 1131/1131/1110 1126/1126/1110
f 1125/1125/1111 1130/1130/1111 1126/1126/1111
f 1129/1129/1112 1130/1130/1112 1125/1125/1112
f 662/662/1113 1129/1129/1113 1125/1125/1113
f 1123/1123/1114 1128/1128/1114 1124/1124/1114
f 1127/1127/1115 1128/1128/1115 1123/1123/1115
f 1122/1122/1116 1127/1127/1116 1123/1123/1116
f 1126/1126/1117 1127/1127/1117 1122/1122/1117
f 1121/1121/1118 1126/1126/1118 1122/1122/1118
f 1125/1125/1119 1126/1126/1119 1121/1121/1119
f 625/625/1120 1125/1125/1120 1121/1121/1120
f 1118/1118/1121 1124/1124/1121 549/549/1121
f 1123/1123/1122 1124/1124/1122 1118/1118/1122
f 1120/1120/1123 1123/1123/1123 1118/1118/1123
f 1122/1122/1124 1123/1123/1124 1120/1120/1124
f 1119/1119/1125 1122/1122/1125 1120/1120/1125
f 1121/1121/1126 1122/1122/1126 1119/1119/1126
f 624/624/1127 1121/1121/1127 1119/1119/1127
f 1118/1118/1128 549/549/1128 548/548/1128
f 1116/1116/1129 1118/1118/1129 548/548/1129
f 1120/1120/1130 1118/1118/1130 1116/1116/1130
f 1117/1117/1131 1120/1120/1131 1116/1116/1131
f 1119/1119/1132 1120/1120/1132 1117/1117/1132
f 623/623/1133 1119/1119/1133 1117/1117/1133
f 1117/1117/1134 1116/1116/1134 1115/1115/1134
f 622/622/1135 1117/1117/1135 1115/1115/1135
f 662/662/1136 1125/1125/1136 625/625/1136
f 625/625/1137 1121/1121/1137 624/624/1137
f 624/624/1138 1119/1119/1138 623/623/1138
f 623/623/1139 1117/1117/1139 622/622/1139
f 726/726/1140 1111/1111/1140 1107/1107/1140
f 1104/1104/1141 1110/1110/1141 545/545/1141
f 1109/1109/1142 1110/1110/1142 1104/1104/1142
f 1106/1106/1143 1109/1109/1143 1104/1104/1143
f 1108/1108/1144 1109/1109/1144 1106/1106/1144
f 1105/1105/1145 1108/1108/1145 1106/1106/1145
f 1107/1107/1146 1108/1108/1146 1105/1105/1146
f 724/724/1147 1107/1107/1147 1105/1105/1147
f 1104/1104/1148 545/545/1148 544/544/1148
f 1102/1102/1149 1104/1104/1149 544/544/1149
f 1106/1106/1150 1104/1104/1150 1102/1102/1150
f 1103/1103/1151 1106/1106/1151 1102/1102/1151
f 1105/1105/1152 1106/1106/1152 1103/1103/1152
f 1102/1102/1153 544/544/1153 543/543/1153
f 1101/1101/1154 1102/1102/1154 543/543/1154
f 1103/1103/1155 1102/1102/1155 1101/1101/1155
f 699/699/1156 1103/1103/1156 1101/1101/1156
f 1101/1101/1157 543/543/1157 900/900/1157
f 920/920/1158 1101/1101/1158 900/900/1158
f 756/756/1159 1111/1111/1159 726/726/1159
f 726/726/1160 1107/1107/1160 724/724/1160
f 699/699/1161 1101/1101/1161 920/920/1161
f 920/920/1162 900/900/1162 919/919/1162
f 590/590/1163 919/919/1163 541/541/1163
f 1097/1097/1164 590/590/1164 541/541/1164
f 589/589/1165 590/590/1165 1097/1097/1165
f 1100/1100/1166 589/589/1166 1097/1097/1166
f 586/586/1167 589/589/1167 1100/1100/1167
f 1099/1099/1168 586/586/1168 1100/1100/1168
f 903/903/1169 585/585/1169 1098/1098/1169
f 899/899/1170 903/903/1170 1098/1098/1170
f 1097/1097/1171 541/541/1171 540/540/1171
f 295/295/1172 1097/1097/1172 540/540/1172
f 1100/1100/1173 1097/1097/1173 295/295/1173
f 1096/1096/1174 1100/1100/1174 295/295/1174
f 1099/1099/1175 1100/1100/1175 1096/1096/1175
f 295/295/1176 540/540/1176 539/539/1176
f 301/301/1177 295/295/1177 539/539/1177
f 1096/1096/1178 295/295/1178 301/301/1178
f 301/301/1179 539/539/1179 538/538/1179
f 584/584/1180 907/907/1180 899/899/1180
f 315/315/1181 305/305/1181 314/314/1181
f 312/312/1182 305/305/1182 315/315/1182
f 316/316/1183 312/312/1183 315/315/1183
f 313/313/1184 312/312/1184 316/316/1184
f 317/317/1185 313/313/1185 316/316/1185
f 319/319/1186 314/314/1186 318/318/1186
f 315/315/1187 314/314/1187 319/319/1187
f 335/335/1188 315/315/1188 319/319/1188
f 316/316/1189 315/315/1189 335/335/1189
f 336/336/1190 316/316/1190 335/335/1190
f 317/317/1191 316/316/1191 336/336/1191
f 536/536/1192 317/317/1192 336/336/1192
f 319/319/1193 318/318/1193 337/337/1193
f 338/338/1194 319/319/1194 337/337/1194
f 335/335/1195 319/319/1195 338/338/1195
f 339/339/1196 335/335/1196 338/338/1196
f 336/336/1197 335/335/1197 339/339/1197
f 537/537/1198 336/336/1198 339/339/1198
f 536/536/1199 336/336/1199 537/537/1199
f 526/526/1200 351/351/1200 352/352/1200
f 530/530/1201 352/352/1201 353/353/1201
f 531/531/1202 353/353/1202 367/367/1202
f 525/525/1203 351/351/1203 526/526/1203
f 526/526/1204 352/352/1204 530/530/1204
f 530/530/1205 353/353/1205 531/531/1205
f 531/531/1206 367/367/1206 532/532/1206
f 386/386/1207 368/368/1207 385/385/1207
f 369/369/1208 368/368/1208 386/386/1208
f 387/387/1209 369/369/1209 386/386/1209
f 384/384/1210 369/369/1210 387/387/1210
f 388/388/1211 384/384/1211 387/387/1211
f 402/402/1212 385/385/1212 525/525/1212
f 386/386/1213 385/385/1213 402/402/1213
f 392/392/1214 386/386/1214 402/402/1214
f 387/387/1215 386/386/1215 392/392/1215
f 393/393/1216 387/387/1216 392/392/1216
f 388/388/1217 387/387/1217 393/393/1217
f 401/401/1218 388/388/1218 393/393/1218
f 402/402/1219 525/525/1219 526/526/1219
f 413/413/1220 402/402/1220 526/526/1220
f 392/392/1221 402/402/1221 413/413/1221
f 407/407/1222 392/392/1222 413/413/1222
f 393/393/1223 392/392/1223 407/407/1223
f 412/412/1224 393/393/1224 407/407/1224
f 401/401/1225 393/393/1225 412/412/1225
f 504/504/1226 401/401/1226 412/412/1226
f 837/837/1227 838/838/1227 1281/1281/1227 1282/1282/1227
f 736/736/1228 732/732/1228 1268/1268/1228 1271/1271/1228
f 735/735/1229 739/739/1229 1273/1273/1229 1269/1269/1229
f 740/740/1230 737/737/1230 1272/1272/1230 1277/1277/1230
f 833/833/1231 837/837/1231 1282/1282/1231 1280/1280/1231
f 413/413/1232 526/526/1232 530/530/1232
f 426/426/1233 413/413/1233 530/530/1233
f 407/407/1234 413/413/1234 426/426/1234
f 414/414/1235 407/407/1235 426/426/1235
f 412/412/1236 407/407/1236 414/414/1236
f 509/509/1237 412/412/1237 414/414/1237
f 426/426/1238 530/530/1238 531/531/1238
f 427/427/1239 426/426/1239 531/531/1239
f 414/414/1240 426/426/1240 427/427/1240
f 510/510/1241 414/414/1241 427/427/1241
f 427/427/1242 531/531/1242 532/532/1242
f 521/521/1243 427/427/1243 532/532/1243
f 504/504/1244 412/412/1244 509/509/1244
f 509/509/1245 414/414/1245 510/510/1245
f 510/510/1246 427/427/1246 521/521/1246
f 442/442/1247 545/545/1247 428/428/1247
f 544/544/1248 545/545/1248 442/442/1248
f 443/443/1249 544/544/1249 442/442/1249
f 543/543/1250 544/544/1250 443/443/1250
f 444/444/1251 543/543/1251 443/443/1251
f 900/900/1252 543/543/1252 444/444/1252
f 541/541/1253 900/900/1253 444/444/1253
f 442/442/1254 428/428/1254 451/451/1254
f 477/477/1255 442/442/1255 451/451/1255
f 443/443/1256 442/442/1256 477/477/1256
f 478/478/1257 443/443/1257 477/477/1257
f 444/444/1258 443/443/1258 478/478/1258
f 540/540/1259 444/444/1259 478/478/1259
f 477/477/1260 451/451/1260 479/479/1260
f 487/487/1261 477/477/1261 479/479/1261
f 478/478/1262 477/477/1262 487/487/1262
f 539/539/1263 478/478/1263 487/487/1263
f 487/487/1264 479/479/1264 488/488/1264
f 538/538/1265 487/487/1265 488/488/1265
f 489/489/1266 504/504/1266 509/509/1266
f 502/502/1267 489/489/1267 509/509/1267
f 502/502/1268 509/509/1268 510/510/1268
f 503/503/1269 502/502/1269 510/510/1269
f 503/503/1270 510/510/1270 521/521/1270
f 541/541/1271 444/444/1271 540/540/1271
f 540/540/1272 478/478/1272 539/539/1272
f 539/539/1273 487/487/1273 538/538/1273
f 919/919/1274 900/900/1274 541/541/1274
f 907/907/1275 903/903/1275 899/899/1275
f 921/921/1276 923/923/1276 906/906/1276
f 926/926/1277 924/924/1277 875/875/1277
f 926/926/1278 925/925/1278 924/924/1278
f 926/926/1279 927/927/1279 925/925/1279
f 926/926/1280 895/895/1280 927/927/1280
f 372/372/1281 830/830/1281 1278/1278/1281 1266/1266/1281
f 739/739/1282 372/372/1282 1266/1266/1282 1273/1273/1282
f 371/371/1283 740/740/1283 1277/1277/1283 1263/1263/1283
f 731/731/1284 735/735/1284 1269/1269/1284 1267/1267/1284
f 830/830/1285 833/833/1285 1280/1280/1285 1278/1278/1285
f 838/838/1286 371/371/1286 1263/1263/1286 1281/1281/1286
f 732/732/1287 731/731/1287 1267/1267/1287 1268/1268/1287
f 737/737/1288 736/736/1288 1271/1271/1288 1272/1272/1288
f 950/950/1289 1058/1058/1289 1188/1188/1289 688/688/1289
f 1028/1028/1290 1029/1029/1290 1149/1149/1290 1148/1148/1290
f 1061/1061/1291 1063/1063/1291 1199/1199/1291 1196/1196/1291
f 1092/1092/1292 1091/1091/1292 1249/1249/1292 1250/1250/1292
f 1056/1056/1293 1057/1057/1293 1187/1187/1293 1186/1186/1293
f 952/952/1294 1028/1028/1294 1148/1148/1294 678/678/1294
f 1091/1091/1295 1090/1090/1295 1248/1248/1295 1249/1249/1295
f 989/989/1296 990/990/1296 368/368/1296 369/369/1296
f 947/947/1297 948/948/1297 694/694/1297 698/698/1297
f 1040/1040/1298 1039/1039/1298 1161/1161/1298 1165/1165/1298
f 1090/1090/1299 936/936/1299 898/898/1299 1248/1248/1299
f 988/988/1300 989/989/1300 369/369/1300 384/384/1300
f 969/969/1301 1017/1017/1301 1116/1116/1301 548/548/1301
f 1020/1020/1302 954/954/1302 671/671/1302 1129/1129/1302
f 1077/1077/1303 939/939/1303 812/812/1303 1218/1218/1303
f 1016/1016/1304 959/959/1304 622/622/1304 1115/1115/1304
f 1021/1021/1305 1019/1019/1305 1128/1128/1305 1132/1132/1305
f 967/967/1306 947/947/1306 698/698/1306 584/584/1306
f 1015/1015/1307 1014/1014/1307 1113/1113/1307 1114/1114/1307
f 997/997/1308 996/996/1308 338/338/1308 337/337/1308
f 1007/1007/1309 965/965/1309 586/586/1309 1099/1099/1309
f 949/949/1310 1027/1027/1310 1146/1146/1310 693/693/1310
f 1060/1060/1311 1061/1061/1311 1196/1196/1311 1193/1193/1311
f 996/996/1312 995/995/1312 339/339/1312 338/338/1312
f 981/981/1313 971/971/1313 538/538/1313 488/488/1313
f 966/966/1314 1006/1006/1314 1098/1098/1314 585/585/1314
f 937/937/1315 1095/1095/1315 1262/1262/1315 878/878/1315
f 1014/1014/1316 1013/1013/1316 1112/1112/1316 1113/1113/1316
f 995/995/1317 972/972/1317 537/537/1317 339/339/1317
f 980/980/1318 977/977/1318 504/504/1318 489/489/1318
f 994/994/1319 993/993/1319 352/352/1319 351/351/1319
f 1013/1013/1320 934/934/1320 901/901/1320 1112/1112/1320
f 1035/1035/1321 1036/1036/1321 1158/1158/1321 1157/1157/1321
f 993/993/1322 992/992/1322 353/353/1322 352/352/1322
f 929/929/1323 930/930/1323 924/924/1323 925/925/1323
f 939/939/1324 1051/1051/1324 1178/1178/1324 812/812/1324
f 1059/1059/1325 1060/1060/1325 1193/1193/1325 1191/1191/1325
f 958/958/1326 1020/1020/1326 1129/1129/1326 662/662/1326
f 1026/1026/1327 950/950/1327 688/688/1327 1143/1143/1327
f 1034/1034/1328 1035/1035/1328 1157/1157/1328 1156/1156/1328
f 992/992/1329 991/991/1329 367/367/1329 353/353/1329
f 1019/1019/1330 1018/1018/1330 1124/1124/1330 1128/1128/1330
f 1027/1027/1331 1025/1025/1331 1142/1142/1331 1146/1146/1331
f 1005/1005/1332 1007/1007/1332 1099/1099/1332 1096/1096/1332
f 941/941/1333 942/942/1333 785/785/1333 788/788/1333
f 1033/1033/1334 1034/1034/1334 1156/1156/1334 1155/1155/1334
f 991/991/1335 974/974/1335 532/532/1335 367/367/1335
f 1071/1071/1336 1073/1073/1336 1211/1211/1336 1209/1209/1336
f 1012/1012/1337 1008/1008/1337 1107/1107/1337 1111/1111/1337
f 931/931/1338 941/941/1338 788/788/1338 921/921/1338
f 945/945/1339 1059/1059/1339 1191/1191/1339 757/757/1339
f 959/959/1340 1033/1033/1340 1155/1155/1340 622/622/1340
f 975/975/1341 994/994/1341 351/351/1341 525/525/1341
f 1089/1089/1342 937/937/1342 878/878/1342 1243/1243/1342
f 1004/1004/1343 1005/1005/1343 1096/1096/1343 301/301/1343
f 1011/1011/1344 970/970/1344 545/545/1344 1110/1110/1344
f 972/972/1345 973/973/1345 536/536/1345 537/537/1345
f 971/971/1346 1004/1004/1346 301/301/1346 538/538/1346
f 1048/1048/1347 940/940/1347 804/804/1347 1175/1175/1347
f 942/942/1348 1071/1071/1348 1209/1209/1348 785/785/1348
f 1063/1063/1349 1064/1064/1349 1200/1200/1349 1199/1199/1349
f 990/990/1350 987/987/1350 385/385/1350 368/368/1350
f 1095/1095/1351 1094/1094/1351 1256/1256/1351 1262/1262/1351
f 955/955/1352 1026/1026/1352 1143/1143/1352 669/669/1352
f 974/974/1353 976/976/1353 521/521/1353 532/532/1353
f 938/938/1354 1084/1084/1354 1227/1227/1354 813/813/1354
f 1062/1062/1355 946/946/1355 756/756/1355 1198/1198/1355
f 1039/1039/1356 1038/1038/1356 1160/1160/1356 1161/1161/1356
f 1018/1018/1357 968/968/1357 549/549/1357 1124/1124/1357
f 1006/1006/1358 935/935/1358 899/899/1358 1098/1098/1358
f 1025/1025/1359 1024/1024/1359 1138/1138/1359 1142/1142/1359
f 970/970/1360 984/984/1360 428/428/1360 545/545/1360
f 936/936/1361 1080/1080/1361 1223/1223/1361 898/898/1361
f 1038/1038/1362 1037/1037/1362 1159/1159/1362 1160/1160/1362
f 1073/1073/1363 1072/1072/1363 1210/1210/1363 1211/1211/1363
f 1044/1044/1364 1047/1047/1364 1174/1174/1364 1171/1171/1364
f 1037/1037/1365 957/957/1365 664/664/1365 1159/1159/1365
f 1072/1072/1366 943/943/1366 783/783/1366 1210/1210/1366
f 1046/1046/1367 1043/1043/1367 1170/1170/1367 1173/1173/1367
f 1036/1036/1368 958/958/1368 662/662/1368 1158/1158/1368
f 986/986/1369 988/988/1369 384/384/1369 388/388/1369
f 987/987/1370 975/975/1370 525/525/1370 385/385/1370
f 968/968/1371 969/969/1371 548/548/1371 549/549/1371
f 935/935/1372 967/967/1372 584/584/1372 899/899/1372
f 1083/1083/1373 1077/1077/1373 1218/1218/1373 1226/1226/1373
f 1088/1088/1374 1089/1089/1374 1243/1243/1374 1238/1238/1374
f 1003/1003/1375 1000/1000/1375 314/314/1375 305/305/1375
f 1042/1042/1376 1044/1044/1376 1171/1171/1376 1168/1168/1376
f 1024/1024/1377 1023/1023/1377 1135/1135/1377 1138/1138/1377
f 965/965/1378 964/964/1378 589/589/1378 586/586/1378
f 930/930/1379 1070/1070/1379 1206/1206/1379 924/924/1379
f 1043/1043/1380 953/953/1380 673/673/1380 1170/1170/1380
f 984/984/1381 983/983/1381 451/451/1381 428/428/1381
f 964/964/1382 963/963/1382 590/590/1382 589/589/1382
f 1070/1070/1383 1069/1069/1383 1205/1205/1383 1206/1206/1383
f 1094/1094/1384 1093/1093/1384 1251/1251/1384 1256/1256/1384
f 1078/1078/1385 1081/1081/1385 1224/1224/1385 1219/1219/1385
f 999/999/1386 1001/1001/1386 313/313/1386 317/317/1386
f 1041/1041/1387 1042/1042/1387 1168/1168/1387 1166/1166/1387
f 1058/1058/1388 1055/1055/1388 1185/1185/1388 1188/1188/1388
f 985/985/1389 986/986/1389 388/388/1389 401/401/1389
f 1069/1069/1390 1068/1068/1390 1204/1204/1390 1205/1205/1390
f 1000/1000/1391 998/998/1391 318/318/1391 314/314/1391
f 956/956/1392 1041/1041/1392 1166/1166/1392 665/665/1392
f 1023/1023/1393 1022/1022/1393 1133/1133/1393 1135/1135/1393
f 1051/1051/1394 1050/1050/1394 1177/1177/1394 1178/1178/1394
f 1057/1057/1395 951/951/1395 685/685/1395 1187/1187/1395
f 1017/1017/1396 1016/1016/1396 1115/1115/1396 1116/1116/1396
f 1068/1068/1397 1067/1067/1397 1203/1203/1397 1204/1204/1397
f 1050/1050/1398 1049/1049/1398 1176/1176/1398 1177/1177/1398
f 1087/1087/1399 1088/1088/1399 1238/1238/1399 1234/1234/1399
f 1049/1049/1400 1048/1048/1400 1175/1175/1400 1176/1176/1400
f 1022/1022/1401 956/956/1401 665/665/1401 1133/1133/1401
f 983/983/1402 982/982/1402 479/479/1402 451/451/1402
f 1067/1067/1403 1066/1066/1403 1202/1202/1403 1203/1203/1403
f 1047/1047/1404 1045/1045/1404 1172/1172/1404 1174/1174/1404
f 946/946/1405 1012/1012/1405 1111/1111/1405 756/756/1405
f 1054/1054/1406 1056/1056/1406 1186/1186/1406 1184/1184/1406
f 954/954/1407 1046/1046/1407 1173/1173/1407 671/671/1407
f 1076/1076/1408 1078/1078/1408 1219/1219/1408 1216/1216/1408
f 1010/1010/1409 1011/1011/1409 1110/1110/1409 1109/1109/1409
f 1055/1055/1410 1053/1053/1410 1183/1183/1410 1185/1185/1410
f 1066/1066/1411 938/938/1411 813/813/1411 1202/1202/1411
f 1045/1045/1412 955/955/1412 669/669/1412 1172/1172/1412
f 1009/1009/1413 1010/1010/1413 1109/1109/1413 1108/1108/1413
f 973/973/1414 999/999/1414 317/317/1414 536/536/1414
f 1008/1008/1415 1009/1009/1415 1108/1108/1415 1107/1107/1415
f 932/932/1416 931/931/1416 921/921/1416 906/906/1416
f 977/977/1417 985/985/1417 401/401/1417 504/504/1417
f 957/957/1418 932/932/1418 906/906/1418 664/664/1418
f 998/998/1419 997/997/1419 337/337/1419 318/318/1419
f 982/982/1420 981/981/1420 488/488/1420 479/479/1420
f 1086/1086/1421 1087/1087/1421 1234/1234/1421 1231/1231/1421
f 1075/1075/1422 1076/1076/1422 1216/1216/1422 1214/1214/1422
f 1052/1052/1423 1054/1054/1423 1184/1184/1423 1181/1181/1423
f 1053/1053/1424 949/949/1424 693/693/1424 1183/1183/1424
f 963/963/1425 944/944/1425 758/758/1425 590/590/1425
f 1065/1065/1426 1062/1062/1426 1198/1198/1426 1201/1201/1426
f 979/979/1427 980/980/1427 489/489/1427 502/502/1427
f 1029/1029/1428 966/966/1428 585/585/1428 1149/1149/1428
f 1064/1064/1429 1065/1065/1429 1201/1201/1429 1200/1200/1429
f 943/943/1430 1040/1040/1430 1165/1165/1430 783/783/1430
f 1074/1074/1431 1075/1075/1431 1214/1214/1431 1212/1212/1431
f 978/978/1432 979/979/1432 502/502/1432 503/503/1432
f 940/940/1433 1074/1074/1433 1212/1212/1433 804/804/1433
f 1085/1085/1434 1086/1086/1434 1231/1231/1434 1229/1229/1434
f 1002/1002/1435 1003/1003/1435 305/305/1435 312/312/1435
f 976/976/1436 978/978/1436 503/503/1436 521/521/1436
f 1082/1082/1437 1083/1083/1437 1226/1226/1437 1225/1225/1437
f 948/948/1438 1052/1052/1438 1181/1181/1438 694/694/1438
f 1001/1001/1439 1002/1002/1439 312/312/1439 313/313/1439
f 1081/1081/1440 1082/1082/1440 1225/1225/1440 1224/1224/1440
f 951/951/1441 952/952/1441 678/678/1441 685/685/1441
f 953/953/1442 1021/1021/1442 1132/1132/1442 673/673/1442
f 1080/1080/1443 1079/1079/1443 1222/1222/1443 1223/1223/1443
f 1084/1084/1444 1085/1085/1444 1229/1229/1444 1227/1227/1444
f 1093/1093/1445 1092/1092/1445 1250/1250/1445 1251/1251/1445
f 1079/1079/1446 929/929/1446 925/925/1446 1222/1222/1446
f 1179/1179/1447 677/677/1447 918/918/1447
f 694/694/1448 1181/1181/1448 1179/1179/1448
f 1181/1181/1449 1180/1180/1449 1179/1179/1449
f 1179/1179/1450 1180/1180/1450 677/677/1450
f 1180/1180/1451 678/678/1451 677/677/1451
f 1181/1181/1452 1184/1184/1452 1180/1180/1452
f 1184/1184/1453 1182/1182/1453 1180/1180/1453
f 1180/1180/1454 1182/1182/1454 678/678/1454
f 1182/1182/1455 685/685/1455 678/678/1455
f 692/692/1456 1185/1185/1456 1183/1183/1456
f 1184/1184/1457 1186/1186/1457 1182/1182/1457
f 1186/1186/1458 1187/1187/1458 1182/1182/1458
f 1182/1182/1459 1187/1187/1459 685/685/1459
f 689/689/1460 1188/1188/1460 1185/1185/1460
f 758/758/1461 920/920/1461 919/919/1461
f 757/757/1462 1189/1189/1462 758/758/1462
f 758/758/1463 1189/1189/1463 920/920/1463
f 1189/1189/1464 699/699/1464 920/920/1464
f 757/757/1465 1191/1191/1465 1189/1189/1465
f 1191/1191/1466 1190/1190/1466 1189/1189/1466
f 1189/1189/1467 1190/1190/1467 699/699/1467
f 1193/1193/1468 1194/1194/1468 1191/1191/1468
f 1191/1191/1469 1194/1194/1469 1190/1190/1469
f 1194/1194/1470 1192/1192/1470 1190/1190/1470
f 1193/1193/1471 1196/1196/1471 1194/1194/1471
f 1196/1196/1472 1197/1197/1472 1194/1194/1472
f 1194/1194/1473 1197/1197/1473 1192/1192/1473
f 1197/1197/1474 1195/1195/1474 1192/1192/1474
f 1192/1192/1475 1195/1195/1475 724/724/1475
f 1195/1195/1476 726/726/1476 724/724/1476
f 1196/1196/1477 1199/1199/1477 1197/1197/1477
f 1199/1199/1478 1200/1200/1478 1197/1197/1478
f 1197/1197/1479 1200/1200/1479 1195/1195/1479
f 1200/1200/1480 1198/1198/1480 1195/1195/1480
f 1195/1195/1481 1198/1198/1481 726/726/1481
f 1198/1198/1482 756/756/1482 726/726/1482
f 1200/1200/1483 1201/1201/1483 1198/1198/1483
f 845/845/1484 1202/1202/1484 813/813/1484
f 847/847/1485 1203/1203/1485 845/845/1485
f 871/871/1486 1204/1204/1486 847/847/1486
f 874/874/1487 1205/1205/1487 871/871/1487
f 875/875/1488 1206/1206/1488 874/874/1488
f 845/845/1489 1203/1203/1489 1202/1202/1489
f 847/847/1490 1204/1204/1490 1203/1203/1490
f 871/871/1491 1205/1205/1491 1204/1204/1491
f 874/874/1492 1206/1206/1492 1205/1205/1492
f 875/875/1493 924/924/1493 1206/1206/1493
f 788/788/1494 923/923/1494 921/921/1494
f 785/785/1495 1207/1207/1495 788/788/1495
f 788/788/1496 1207/1207/1496 923/923/1496
f 1207/1207/1497 767/767/1497 923/923/1497
f 785/785/1498 1209/1209/1498 1207/1207/1498
f 1209/1209/1499 1208/1208/1499 1207/1207/1499
f 1207/1207/1500 1208/1208/1500 767/767/1500
f 1208/1208/1501 771/771/1501 767/767/1501
f 1209/1209/1502 1211/1211/1502 1208/1208/1502
f 1211/1211/1503 1210/1210/1503 1208/1208/1503
f 1208/1208/1504 1210/1210/1504 771/771/1504
f 1210/1210/1505 783/783/1505 771/771/1505
f 1212/1212/1506 806/806/1506 804/804/1506
f 1214/1214/1507 1213/1213/1507 1212/1212/1507
f 1212/1212/1508 1213/1213/1508 806/806/1508
f 1213/1213/1509 808/808/1509 806/806/1509
f 1216/1216/1510 1217/1217/1510 1214/1214/1510
f 1214/1214/1511 1217/1217/1511 1213/1213/1511
f 1217/1217/1512 1215/1215/1512 1213/1213/1512
f 1213/1213/1513 1215/1215/1513 808/808/1513
f 1215/1215/1514 809/809/1514 808/808/1514
f 1219/1219/1515 1220/1220/1515 1216/1216/1515
f 1216/1216/1516 1220/1220/1516 1217/1217/1516
f 1220/1220/1517 1221/1221/1517 1217/1217/1517
f 1217/1217/1518 1221/1221/1518 1215/1215/1518
f 1221/1221/1519 1218/1218/1519 1215/1215/1519
f 1215/1215/1520 1218/1218/1520 809/809/1520
f 1218/1218/1521 812/812/1521 809/809/1521
f 1219/1219/1522 1224/1224/1522 1220/1220/1522
f 1224/1224/1523 1225/1225/1523 1220/1220/1523
f 1220/1220/1524 1225/1225/1524 1221/1221/1524
f 1225/1225/1525 1226/1226/1525 1221/1221/1525
f 1221/1221/1526 1226/1226/1526 1218/1218/1526
f 925/925/1527 927/927/1527 1222/1222/1527
f 927/927/1528 896/896/1528 1222/1222/1528
f 1222/1222/1529 896/896/1529 1223/1223/1529
f 896/896/1530 898/898/1530 1223/1223/1530
f 1229/1229/1531 1228/1228/1531 1227/1227/1531
f 1227/1227/1532 1228/1228/1532 813/813/1532
f 1228/1228/1533 845/845/1533 813/813/1533
f 1231/1231/1534 1232/1232/1534 1229/1229/1534
f 1229/1229/1535 1232/1232/1535 1228/1228/1535
f 1232/1232/1536 1230/1230/1536 1228/1228/1536
f 1228/1228/1537 1230/1230/1537 845/845/1537
f 1230/1230/1538 847/847/1538 845/845/1538
f 1234/1234/1539 1235/1235/1539 1231/1231/1539
f 1231/1231/1540 1235/1235/1540 1232/1232/1540
f 1235/1235/1541 1236/1236/1541 1232/1232/1541
f 1232/1232/1542 1236/1236/1542 1230/1230/1542
f 1236/1236/1543 1233/1233/1543 1230/1230/1543
f 1230/1230/1544 1233/1233/1544 847/847/1544
f 1233/1233/1545 871/871/1545 847/847/1545
f 1238/1238/1546 1239/1239/1546 1234/1234/1546
f 1234/1234/1547 1239/1239/1547 1235/1235/1547
f 1239/1239/1548 1240/1240/1548 1235/1235/1548
f 1235/1235/1549 1240/1240/1549 1236/1236/1549
f 1240/1240/1550 1241/1241/1550 1236/1236/1550
f 1236/1236/1551 1241/1241/1551 1233/1233/1551
f 1241/1241/1552 1237/1237/1552 1233/1233/1552
f 1233/1233/1553 1237/1237/1553 871/871/1553
f 1237/1237/1554 874/874/1554 871/871/1554
f 1243/1243/1555 1244/1244/1555 1238/1238/1555
f 1238/1238/1556 1244/1244/1556 1239/1239/1556
f 1244/1244/1557 1245/1245/1557 1239/1239/1557
f 1239/1239/1558 1245/1245/1558 1240/1240/1558
f 1245/1245/1559 1246/1246/1559 1240/1240/1559
f 1240/1240/1560 1246/1246/1560 1241/1241/1560
f 1246/1246/1561 1247/1247/1561 1241/1241/1561
f 1241/1241/1562 1247/1247/1562 1237/1237/1562
f 1247/1247/1563 1242/1242/1563 1237/1237/1563
f 1237/1237/1564 1242/1242/1564 874/874/1564
f 1242/1242/1565 875/875/1565 874/874/1565
f 878/878/1566 879/879/1566 1243/1243/1566
f 1243/1243/1567 879/879/1567 1244/1244/1567
f 879/879/1568 889/889/1568 1244/1244/1568
f 1244/1244/1569 889/889/1569 1245/1245/1569
f 889/889/1570 891/891/1570 1245/1245/1570
f 1245/1245/1571 891/891/1571 1246/1246/1571
f 891/891/1572 892/892/1572 1246/1246/1572
f 1246/1246/1573 892/892/1573 1247/1247/1573
f 892/892/1574 894/894/1574 1247/1247/1574
f 1247/1247/1575 894/894/1575 1242/1242/1575
f 894/894/1576 895/895/1576 1242/1242/1576
f 1242/1242/1577 895/895/1577 875/875/1577
f 895/895/1578 926/926/1578 875/875/1578
f 896/896/1579 1252/1252/1579 898/898/1579
f 927/927/1580 1257/1257/1580 896/896/1580
f 898/898/1581 1252/1252/1581 1248/1248/1581
f 1252/1252/1582 1253/1253/1582 1248/1248/1582
f 1248/1248/1583 1253/1253/1583 1249/1249/1583
f 1253/1253/1584 1254/1254/1584 1249/1249/1584
f 1249/1249/1585 1254/1254/1585 1250/1250/1585
f 1254/1254/1586 1255/1255/1586 1250/1250/1586
f 1250/1250/1587 1255/1255/1587 1251/1251/1587
f 1255/1255/1588 1256/1256/1588 1251/1251/1588
f 896/896/1589 1257/1257/1589 1252/1252/1589
f 1257/1257/1590 1258/1258/1590 1252/1252/1590
f 1252/1252/1591 1258/1258/1591 1253/1253/1591
f 1258/1258/1592 1259/1259/1592 1253/1253/1592
f 1253/1253/1593 1259/1259/1593 1254/1254/1593
f 1259/1259/1594 1260/1260/1594 1254/1254/1594
f 1254/1254/1595 1260/1260/1595 1255/1255/1595
f 1260/1260/1596 1261/1261/1596 1255/1255/1596
f 1255/1255/1597 1261/1261/1597 1256/1256/1597
f 1261/1261/1598 1262/1262/1598 1256/1256/1598
f 927/927/1599 895/895/1599 1257/1257/1599
f 895/895/1600 894/894/1600 1257/1257/1600
f 1257/1257/1601 894/894/1601 1258/1258/1601
f 894/894/1602 892/892/1602 1258/1258/1602
f 1258/1258/1603 892/892/1603 1259/1259/1603
f 892/892/1604 891/891/1604 1259/1259/1604
f 1259/1259/1605 891/891/1605 1260/1260/1605
f 891/891/1606 889/889/1606 1260/1260/1606
f 1260/1260/1607 889/889/1607 1261/1261/1607
f 889/889/1608 879/879/1608 1261/1261/1608
f 1261/1261/1609 879/879/1609 1262/1262/1609
f 879/879/1610 878/878/1610 1262/1262/1610
f 1269/1269/1611 1270/1270/1611 1267/1267/1611
f 1267/1267/1612 1270/1270/1612 1268/1268/1612
f 1270/1270/1613 1271/1271/1613 1268/1268/1613
f 1273/1273/1614 1274/1274/1614 1269/1269/1614
f 1269/1269/1615 1274/1274/1615 1270/1270/1615
f 1274/1274/1616 1275/1275/1616 1270/1270/1616
f 1270/1270/1617 1275/1275/1617 1271/1271/1617
f 1275/1275/1618 1276/1276/1618 1271/1271/1618
f 1271/1271/1619 1276/1276/1619 1272/1272/1619
f 1276/1276/1620 1277/1277/1620 1272/1272/1620
f 1273/1273/1621 1266/1266/1621 1274/1274/1621
f 1266/1266/1622 1265/1265/1622 1274/1274/1622
f 1274/1274/1623 1265/1265/1623 1275/1275/1623
f 1265/1265/1624 1264/1264/1624 1275/1275/1624
f 1275/1275/1625 1264/1264/1625 1276/1276/1625
f 1264/1264/1626 1263/1263/1626 1276/1276/1626
f 1276/1276/1627 1263/1263/1627 1277/1277/1627
f 1278/1278/1628 1265/1265/1628 1266/1266/1628
f 1280/1280/1629 1279/1279/1629 1278/1278/1629
f 1278/1278/1630 1279/1279/1630 1265/1265/1630
f 1279/1279/1631 1264/1264/1631 1265/1265/1631
f 1280/1280/1632 1282/1282/1632 1279/1279/1632
f 1282/1282/1633 1281/1281/1633 1279/1279/1633
f 1279/1279/1634 1281/1281/1634 1264/1264/1634
f 1281/1281/1635 1263/1263/1635 1264/1264/1635
usemtl Snow
f 1153/1153/1636 619/619/1636 618/618/1636
f 1151/1151/1637 1153/1153/1637 618/618/1637
f 1154/1154/1638 1153/1153/1638 1151/1151/1638
f 1152/1152/1639 1154/1154/1639 1151/1151/1639
f 618/618/1640 1113/1113/1640 1317/1317/1640 1315/1315/1640
f 621/621/1641 620/620/1641 1312/1312/1641 1314/1314/1641
f 905/905/1642 621/621/1642 1314/1314/1642 1313/1313/1642
f 1113/1113/1643 613/613/1643 1316/1316/1643 1317/1317/1643
f 620/620/1644 1152/1152/1644 1311/1311/1644 1312/1312/1644
f 613/613/1645 905/905/1645 1313/1313/1645 1316/1316/1645
f 1152/1152/1646 1151/1151/1646 1310/1310/1646 1311/1311/1646
f 621/621/1647 905/905/1647 904/904/1647
f 618/618/1648 1114/1114/1648 1113/1113/1648
f 613/613/1649 1113/1113/1649 1112/1112/1649
f 905/905/1650 1112/1112/1650 901/901/1650
f 619/619/1651 1114/1114/1651 618/618/1651
f 1151/1151/1652 618/618/1652 1315/1315/1652 1310/1310/1652
f 613/613/1653 1112/1112/1653 905/905/1653
f 645/645/1654 470/470/1654 1283/1283/1654 1291/1291/1654
f 905/905/1655 901/901/1655 904/904/1655
f 643/643/1656 644/644/1656 1290/1290/1656 1289/1289/1656
f 471/471/1657 472/472/1657 1285/1285/1657 1284/1284/1657
f 644/644/1658 645/645/1658 1291/1291/1658 1290/1290/1658
f 470/470/1659 471/471/1659 1284/1284/1659 1283/1283/1659
f 962/962/1660 1015/1015/1660 1114/1114/1660 619/619/1660
f 1030/1030/1661 1032/1032/1661 1154/1154/1661 1152/1152/1661
f 961/961/1662 1030/1030/1662 1152/1152/1662 620/620/1662
f 960/960/1663 961/961/1663 620/620/1663 621/621/1663
f 933/933/1664 960/960/1664 621/621/1664 904/904/1664
f 934/934/1665 933/933/1665 904/904/1665 901/901/1665
f 1032/1032/1666 1031/1031/1666 1153/1153/1666 1154/1154/1666
f 1031/1031/1667 962/962/1667 619/619/1667 1153/1153/1667
f 1286/1286/1668 1284/1284/1668 1285/1285/1668
f 1290/1290/1669 1287/1287/1669 1295/1295/1669 1297/1297/1669
f 1286/1286/1670 1288/1288/1670 1294/1294/1670 1292/1292/1670
f 1287/1287/1671 1283/1283/1671 1284/1284/1671
f 1287/1287/1672 1284/1284/1672 1293/1293/1672 1295/1295/1672
f 1289/1289/1673 1290/1290/1673 1297/1297/1673 1296/1296/1673
f 1290/1290/1674 1291/1291/1674 1287/1287/1674
f 1287/1287/1675 1291/1291/1675 1283/1283/1675
f 1292/1292/1676 1294/1294/1676 1300/1300/1676 1298/1298/1676
f 1295/1295/1677 1293/1293/1677 1299/1299/1677 1301/1301/1677
f 1293/1293/1678 1292/1292/1678 1298/1298/1678 1299/1299/1678
f 1296/1296/1679 1297/1297/1679 1303/1303/1679 1302/1302/1679
f 1284/1284/1680 1286/1286/1680 1292/1292/1680 1293/1293/1680
f 1288/1288/1681 1289/1289/1681 1296/1296/1681 1294/1294/1681
f 1302/1302/1682 1303/1303/1682 1309/1309/1682 1308/1308/1682
f 1300/1300/1683 1302/1302/1683 1308/1308/1683 1306/1306/1683
f 1303/1303/1684 1301/1301/1684 1307/1307/1684 1309/1309/1684
f 1298/1298/1685 1300/1300/1685 1306/1306/1685 1304/1304/1685
f 1297/1297/1686 1295/1295/1686 1301/1301/1686 1303/1303/1686
f 1294/1294/1687 1296/1296/1687 1302/1302/1687 1300/1300/1687
f 1306/1306/1688 1307/1307/1688 1304/1304/1688
f 1304/1304/1689 1307/1307/1689 1305/1305/1689
f 1308/1308/1690 1309/1309/1690 1306/1306/1690
f 1306/1306/1691 1309/1309/1691 1307/1307/1691
f 1299/1299/1692 1298/1298/1692 1304/1304/1692 1305/1305/1692
f 1301/1301/1693 1299/1299/1693 1305/1305/1693 1307/1307/1693
f 1317/1317/1694 1316/1316/1694 1324/1324/1694 1325/1325/1694
f 1316/1316/1695 1313/1313/1695 1321/1321/1695 1324/1324/1695
f 1314/1314/1696 1312/1312/1696 1320/1320/1696 1322/1322/1696
f 1311/1311/1697 1310/1310/1697 1318/1318/1697 1319/1319/1697
f 1313/1313/1698 1314/1314/1698 1322/1322/1698 1321/1321/1698
f 1315/1315/1699 1317/1317/1699 1325/1325/1699 1323/1323/1699
f 1312/1312/1700 1311/1311/1700 1319/1319/1700 1320/1320/1700
f 1310/1310/1701 1315/1315/1701 1323/1323/1701 1318/1318/1701
f 1318/1318/1702 1323/1323/1702 1324/1324/1702
f 1150/1150/1703 1318/1318/1703 1324/1324/1703
f 1319/1319/1704 1318/1318/1704 1150/1150/1704
f 1320/1320/1705 1319/1319/1705 1150/1150/1705
f 1150/1150/1706 1324/1324/1706 1321/1321/1706
f 1322/1322/1707 1150/1150/1707 1321/1321/1707
f 1320/1320/1708 1150/1150/1708 1322/1322/1708
f 1323/1323/1709 1325/1325/1709 1324/1324/1709
f 1335/1335/1710 1337/1337/1710 1343/1343/1710 1341/1341/1710
f 1333/1333/1711 703/703/1711 1328/1328/1711 1339/1339/1711
f 703/703/1712 1335/1335/1712 1341/1341/1712 1328/1328/1712
f 1338/1338/1713 1336/1336/1713 1342/1342/1713 1344/1344/1713
f 1337/1337/1714 1338/1338/1714 1344/1344/1714 1343/1343/1714
f 1336/1336/1715 1333/1333/1715 1339/1339/1715 1342/1342/1715
f 1340/1340/1716 1339/1339/1716 1328/1328/1716
f 1342/1342/1717 1339/1339/1717 1340/1340/1717
f 1340/1340/1718 1328/1328/1718 1341/1341/1718
f 1343/1343/1719 1340/1340/1719 1341/1341/1719
f 1343/1343/1720 1344/1344/1720 1340/1340/1720
f 1344/1344/1721 1342/1342/1721 1340/1340/1721
usemtl Brown
f 1347/1347/1722 1348/1348/1722 1326/1326/1722 1327/1327/1722
f 1349/1349/1723 1334/1334/1723 1331/1331/1723 1329/1329/1723
f 1334/1334/1724 1345/1345/1724 1332/1332/1724 1331/1331/1724
f 1345/1345/1725 1346/1346/1725 1330/1330/1725 1332/1332/1725
f 1346/1346/1726 1347/1347/1726 1327/1327/1726 1330/1330/1726
f 1348/1348/1727 1349/1349/1727 1329/1329/1727 1326/1326/1727
f 1332/1332/1728 1330/1330/1728 1336/1336/1728 1338/1338/1728
f 1331/1331/1729 1332/1332/1729 1338/1338/1729 1337/1337/1729
f 1330/1330/1730 1327/1327/1730 1333/1333/1730 1336/1336/1730
f 1329/1329/1731 1331/1331/1731 1337/1337/1731 1335/1335/1731
f 1327/1327/1732 1326/1326/1732 703/703/1732 1333/1333/1732
f 1326/1326/1733 1329/1329/1733 1335/1335/1733 703/703/1733
usemtl DarkGreen
f 1103/1103/1734 699/699/1734 1349/1349/1734 1348/1348/1734
f 724/724/1735 1105/1105/1735 1347/1347/1735 1346/1346/1735
f 1192/1192/1736 724/724/1736 1346/1346/1736 1345/1345/1736
f 1190/1190/1737 1192/1192/1737 1345/1345/1737 1334/1334/1737
f 699/699/1738 1190/1190/1738 1334/1334/1738 1349/1349/1738
f 1105/1105/1739 1103/1103/1739 1348/1348/1739 1347/1347/1739
